﻿<?xml version="1.0" encoding="utf-8" ?>
<Defs>

  <ThingDef ParentName="BuildingBase" Class="ForceField.ThingDef_FieldGenerator">
    <defName>ForceFieldGenerator</defName>
    <label>force field generator</label>
    <description>An advanced defensive building. Consumes a lot of power to charge up its forward force field. It is then able to absorb or repel incoming projectiles. Once discharged, the generator needs some time to reinitialize.</description>
    <thingClass>ForceField.Building_ForceFieldGenerator</thingClass>
    <tickerType>Normal</tickerType>
    <graphicData>
      <texPath>Things/Building/Security/ForceFieldGenerator</texPath>
      <graphicClass>Graphic_Single</graphicClass>
      <drawSize>(3,3)</drawSize>
    </graphicData>
    <uiIconPath>Things/Building/Security/MenuIcon_ForceFieldGenerator</uiIconPath>
    <altitudeLayer>Building</altitudeLayer>
    <passability>Impassable</passability>
    <placeWorkers>
      <li>ForceField.PlaceWorker_ForceFieldGenerator</li>
    </placeWorkers>
    <castEdgeShadows>true</castEdgeShadows>
    <fillPercent>0.5</fillPercent>
    <minifiedDef>MinifiedThing</minifiedDef>
    <thingCategories>
      <li>BuildingsSecurity</li>
    </thingCategories>
    <useHitPoints>true</useHitPoints>
    <statBases>
      <WorkToBuild>10000</WorkToBuild>
      <MaxHitPoints>300</MaxHitPoints>
      <Flammability>1.0</Flammability>
      <Mass>35</Mass>
      <Beauty>5</Beauty>
    </statBases>
    <comps>
      <li Class="CompProperties_Power">
        <compClass>CompPowerTrader</compClass>
        <shortCircuitInRain>false</shortCircuitInRain>
        <basePowerConsumption>1000</basePowerConsumption>
        <transmitsPower>true</transmitsPower>
      </li>
      <li Class="CompProperties_Flickable"/>
      <li Class="CompProperties_Breakdownable"/>
      <li Class="CompProperties_Forbiddable"/>
    </comps>
    <size>(1,1)</size>
    <costList>
      <Steel>150</Steel>
      <Plasteel>50</Plasteel>
      <ComponentIndustrial>10</ComponentIndustrial>
    </costList>
    <killedLeavings>
      <ChunkSlagSteel>1</ChunkSlagSteel>
    </killedLeavings>
    <leaveResourcesWhenKilled>true</leaveResourcesWhenKilled>
    <terrainAffordanceNeeded>Heavy</terrainAffordanceNeeded>
    <designationCategory>Security</designationCategory>
    <staticSunShadowHeight>0.5</staticSunShadowHeight>
    <constructEffect>ConstructMetal</constructEffect>
    <researchPrerequisites>
      <li>ResearchForceField</li>
    </researchPrerequisites>

    <powerOutputDuringInitialization>-250</powerOutputDuringInitialization>
    <powerOutputDuringCharge>-2000</powerOutputDuringCharge>
    <powerOutputDuringSustain>-250</powerOutputDuringSustain>
    
    <initializationDurationInTicks>1200</initializationDurationInTicks>
    <chargeDurationInTicks>3000</chargeDurationInTicks>
    <dischargeDurationInTicks>12000</dischargeDurationInTicks>
    
    <forceFieldMaxCharge>500</forceFieldMaxCharge>
    <rocketAbsorbtionProportion>0.5</rocketAbsorbtionProportion>
    <explosiveRepelCharge>40</explosiveRepelCharge>
  </ThingDef>

</Defs>