﻿<?xml version="1.0" encoding="utf-8" ?>
<Defs>

  <ThingDef Name="MoteBase" Abstract="True">
    <thingClass>MoteThrown</thingClass>
    <label>Mote</label>
    <category>Mote</category>
    <graphicData>
      <graphicClass>Graphic_Mote</graphicClass>
      <shaderType>Mote</shaderType>
    </graphicData>
    <altitudeLayer>MoteLow</altitudeLayer>
    <tickerType>Normal</tickerType>
    <useHitPoints>false</useHitPoints>
    <isSaveable>false</isSaveable>
    <rotatable>false</rotatable>
  </ThingDef>

  <ThingDef ParentName="MoteBase">
    <defName>Mote_BeerAvailable</defName>
    <graphicData>
      <texPath>Things/Mote/BeerAvailable</texPath>
      <shaderType>Transparent</shaderType>
    </graphicData>
    <thingClass>MoteAttached</thingClass>
    <altitudeLayer>MetaOverlays</altitudeLayer>
    <mote>
      <ticksBeforeStartFadeout>90</ticksBeforeStartFadeout>
      <fadeoutDuration>0</fadeoutDuration>
      <attachedDrawOffset>(0.75, 0, 0.75)</attachedDrawOffset>
    </mote>
  </ThingDef>

  <ThingDef ParentName="MoteBase">
    <defName>Mote_BeerUnavailable</defName>
    <graphicData>
      <texPath>Things/Mote/BeerUnavailable</texPath>
      <shaderType>Transparent</shaderType>
    </graphicData>
    <thingClass>MoteAttached</thingClass>
    <altitudeLayer>MetaOverlays</altitudeLayer>
    <mote>
      <ticksBeforeStartFadeout>90</ticksBeforeStartFadeout>
      <fadeoutDuration>0</fadeoutDuration>
      <attachedDrawOffset>(0.75, 0, 0.75)</attachedDrawOffset>
    </mote>
  </ThingDef>

  <ThingDef ParentName="MoteBase">
    <defName>Mote_Guitar</defName>
    <graphicData>
      <texPath>Things/Mote/Guitar</texPath>
      <shaderType>Transparent</shaderType>
    </graphicData>
    <thingClass>MoteAttached</thingClass>
    <altitudeLayer>MetaOverlays</altitudeLayer>
    <mote>
      <ticksBeforeStartFadeout>240</ticksBeforeStartFadeout>
      <fadeoutDuration>0</fadeoutDuration>
      <attachedDrawOffset>(0, 0, -0.2)</attachedDrawOffset>
    </mote>
  </ThingDef>

  <ThingDef ParentName="MoteBase">
    <defName>Mote_MusicNote</defName>
    <graphicData>
      <texPath>Things/Mote/MusicNote</texPath>
    </graphicData>
    <altitudeLayer>MetaOverlays</altitudeLayer>
    <mote>
      <fadeInDuration>5</fadeInDuration>
      <ticksBeforeStartFadeout>90</ticksBeforeStartFadeout>
      <fadeoutDuration>90</fadeoutDuration>
    </mote>
  </ThingDef>

</Defs>