﻿<?xml version="1.0" encoding="utf-8" ?>

<Buildings>

  <ThingDef ParentName="BuildingBase">
    <defName>FishingPierSpawner</defName>
    <Label>fishing pier</Label>
    <Description>A simple and solid fishing pier. Keeps your feet dry while fishing.</Description>
    <ThingClass>FishIndustry.Building_FishingPierSpawner</ThingClass>
    <graphicData>
      <texPath>Things/Building/FishingPierSpawner</texPath>
      <graphicClass>Graphic_Single</graphicClass>
      <drawSize>(3,11)</drawSize>
    </graphicData>
    <uiIconPath>Things/Building/MenuIcon_FishingPierSpawner</uiIconPath>
    <terrainAffordanceNeeded>Light</terrainAffordanceNeeded>
    <AltitudeLayer>Building</AltitudeLayer>
    <placeWorkers>
      <li>FishIndustry.PlaceWorker_FishingPierSpawner</li>
    </placeWorkers>
    <CostList>
      <WoodLog>150</WoodLog>
      <Steel>50</Steel>
    </CostList>
    <constructEffect>ConstructWood</constructEffect>
    <UseHitPoints>True</UseHitPoints>
    <statBases>
      <WorkToMake>5000</WorkToMake>
      <MaxHitPoints>250</MaxHitPoints>
      <Beauty>80</Beauty>
      <Flammability>1.0</Flammability>
    </statBases>
    <Size>(1,1)</Size>
    <DesignationCategory>Production</DesignationCategory>
    <Passability>Standable</Passability>
    <hasInteractionCell>True</hasInteractionCell>
    <interactionCellOffset>(0,0,0)</interactionCellOffset>
    <surfaceType>Item</surfaceType>
  </ThingDef>

  <ThingDef ParentName="BuildingBase">
    <defName>FishingPier</defName>
    <Label>fishing pier</Label>
    <Description>A simple and solid fishing pier. Keeps your feet dry while fishing.</Description>
    <thingClass>FishIndustry.Building_FishingPier</thingClass>
    <TickerType>Normal</TickerType>
    <soundImpactDefault>BulletImpactWood</soundImpactDefault>
    <graphicData>
      <texPath>Things/Building/FishingPier</texPath>
      <graphicClass>Graphic_Single</graphicClass>
      <drawSize>(3,5)</drawSize>
      <damageData>
        <rect>(0.05,1,5,1)</rect>
      </damageData>
    </graphicData>
    <terrainAffordanceNeeded>Light</terrainAffordanceNeeded>
    <altitudeLayer>Building</altitudeLayer>
    <CostList>
      <WoodLog>150</WoodLog>
      <Steel>50</Steel>
    </CostList>
    <UseHitPoints>True</UseHitPoints>
    <statBases>
      <MaxHitPoints>400</MaxHitPoints>
      <Beauty>80</Beauty>
      <Flammability>1.0</Flammability>
    </statBases>
    <size>(1,3)</size>
    <passability>Standable</passability>
    <hasInteractionCell>True</hasInteractionCell>
    <interactionCellOffset>(0,0,0)</interactionCellOffset>
    <surfaceType>Item</surfaceType>
    <comps>
      <li>
        <compClass>CompForbiddable</compClass>
      </li>
    </comps>
    <recipes>
      <li>MakeFishingRod</li>
    </recipes>
    <inspectorTabs>
      <li>ITab_Bills</li>
    </inspectorTabs>
    <building>
      <spawnedConceptLearnOpportunity>BillsTab</spawnedConceptLearnOpportunity>
    </building>
  </ThingDef>

</Buildings>