﻿<?xml version="1.0" encoding="utf-8" ?>
<Resources>

  <!--=================== Seafood ===============-->

  <ThingDef Name="SeaProductBase" Abstract="True" ParentName="OrganicProductBase"> 
    <socialPropernessMatters>true</socialPropernessMatters>
    <statBases>
      <MaxHitPoints>50</MaxHitPoints>
      <Flammability>1.0</Flammability>
      <DeteriorationRate>10</DeteriorationRate>
      <Beauty>-20</Beauty>
    </statBases>
    <tickerType>Rare</tickerType>
  </ThingDef>

  <ThingDef Name="RawSeaFoodBase" Abstract="True" ParentName="SeaProductBase">
    <label>Base sea food properties</label>
    <comps>
      <li Class="CompProperties_Rottable">
        <daysToRotStart>4</daysToRotStart>
        <rotDestroys>True</rotDestroys>
      </li>
    </comps>
    <ingestible>
      <foodType>Meat</foodType>
      <preferability>RawBad</preferability>
      <nutrition>0.05</nutrition>
      <ingestEffect>EatMeat</ingestEffect>
      <ingestSound>RawMeat_Eat</ingestSound>
    </ingestible>
    <thingCategories>
      <li>MeatRaw</li>
    </thingCategories>
  </ThingDef>

  <ThingDef ParentName="RawSeaFoodBase">
    <defName>RawSeaFood_SduigglesTentacle</defName>
    <label>sduiggles tentacle</label>
    <description>Gelatinous and soft tentacles of a sduiggles. Not really appetizing... Not at all!</description>
    <graphicData>
      <texPath>Things/Item/Resource/RawSeaFood_SduigglesTentacle</texPath>
      <graphicClass>Graphic_Single</graphicClass>
    </graphicData>
    <statBases>
      <MarketValue>1.5</MarketValue>
    </statBases>
    <ingestible>
      <specialThoughtDirect>AteRawFood</specialThoughtDirect>
    </ingestible>
  </ThingDef>

  <ThingDef ParentName="RawSeaFoodBase">
    <defName>RawSeaFood_SeasnakeFilet</defName>
    <label>seasnake filets</label>
    <description>Seasnake fresh filets. There are so many fish bones in this fish that it is tedious to eat!</description>
    <graphicData>
      <texPath>Things/Item/Resource/RawSeaFood_SeasnakeFilet</texPath>
      <graphicClass>Graphic_Single</graphicClass>
    </graphicData>
    <statBases>
      <MarketValue>2.5</MarketValue>
    </statBases>
    <ingestible>
      <specialThoughtDirect>AteRawFood</specialThoughtDirect>
    </ingestible>
  </ThingDef>

  <ThingDef ParentName="RawSeaFoodBase">
    <defName>RawSeaFood_Mashgon</defName>
    <label>Shelled mashgon</label>
    <description>Frail and juicy corpse of a mashgon. Can be eaten raw or grilled for a better flavour. It is not really nourishing but tasty!</description>
    <graphicData>
      <texPath>Things/Item/Resource/RawSeaFood_Mashgon</texPath>
      <graphicClass>Graphic_Single</graphicClass>
    </graphicData>
    <statBases>
      <MarketValue>0.5</MarketValue>
    </statBases>
    <ingestible>
      <preferability>RawTasty</preferability>
      <joy>0.001</joy>
      <joyKind>Gluttonous</joyKind>
    </ingestible>
  </ThingDef>

  <ThingDef ParentName="RawSeaFoodBase">
    <defName>RawSeaFood_BluebladeFilet</defName>
    <label>blueblade filets</label>
    <description>Blueblade fresh filets. Not particularly tasty but quite nutritious.</description>
    <graphicData>
      <texPath>Things/Item/Resource/RawSeaFood_BluebladeFilet</texPath>
      <graphicClass>Graphic_Single</graphicClass>
    </graphicData>
    <statBases>
      <MarketValue>2.5</MarketValue>
    </statBases>
    <ingestible>
      <specialThoughtDirect>AteRawFood</specialThoughtDirect>
    </ingestible>
  </ThingDef>

  <ThingDef ParentName="RawSeaFoodBase">
    <defName>RawSeaFood_TailteethSteak</defName>
    <label>tailteeth steak</label>
    <description>A tasty and flavorsome meat once grilled, highly nutritious and enjoyable. It is however difficult to catch this kind of specimen alive.</description>
    <graphicData>
      <texPath>Things/Item/Resource/RawSeaFood_TailteethSteak</texPath>
      <graphicClass>Graphic_Single</graphicClass>
    </graphicData>
    <statBases>
      <MarketValue>4</MarketValue>
    </statBases>
    <ingestible>
      <specialThoughtDirect>AteRawFood</specialThoughtDirect>
      <joy>0.008</joy>
      <joyKind>Gluttonous</joyKind>
    </ingestible>
  </ThingDef>

</Resources>