<?xml version="1.0" encoding="UTF-8"?>
<Defs>

  <ThingDef Name="MoteBase" Abstract="True">
  <thingClass>MoteThrown</thingClass>
  <label>Mote</label>
  <category>Mote</category>
  <graphicData>
      <graphicClass>Graphic_Mote</graphicClass>
      <shaderType>Mote</shaderType>
  </graphicData>
  <altitudeLayer>MoteLow</altitudeLayer>
  <tickerType>Normal</tickerType>
  <useHitPoints>false</useHitPoints>
  <isSaveable>false</isSaveable>
  <rotatable>false</rotatable>
</ThingDef>

  <!-- ========================= Fishing pier ==========================-->
  
  <ThingDef ParentName="MoteBase">
    <defName>Mote_FishingRodNorth</defName>
    <description>Fishing rod.</description>
    <mote>
      <solidTime>5000</solidTime>
    </mote>
    <graphicData>
      <texPath>Things/Mote/FishingRodNorth</texPath>
    </graphicData>
    <altitudeLayer>MoteLow</altitudeLayer>
  </ThingDef>

  <ThingDef ParentName="MoteBase">
    <defName>Mote_FishingRodEast</defName>
    <description>Fishing rod.</description>
    <mote>
      <solidTime>5000</solidTime>
    </mote>
    <graphicData>
      <texPath>Things/Mote/FishingRodEast</texPath>
    </graphicData>
    <altitudeLayer>MoteLow</altitudeLayer>
  </ThingDef>

  <ThingDef ParentName="MoteBase">
    <defName>Mote_FishingRodSouth</defName>
    <description>Fishing rod.</description>
    <mote>
      <solidTime>5000</solidTime>
    </mote>
    <graphicData>
      <texPath>Things/Mote/FishingRodSouth</texPath>
    </graphicData>
    <altitudeLayer>MoteLow</altitudeLayer>
  </ThingDef>

  <ThingDef ParentName="MoteBase">
    <defName>Mote_FishingRodWest</defName>
    <description>Fishing rod.</description>
    <mote>
      <solidTime>5000</solidTime>
    </mote>
    <graphicData>
      <texPath>Things/Mote/FishingRodWest</texPath>
    </graphicData>
    <altitudeLayer>MoteLow</altitudeLayer>
  </ThingDef>

  <!-- ========================= Aquaculture basin ==========================-->

  <ThingDef ParentName="MoteBase">
    <defName>Mote_Bubble</defName>
    <graphicData>
      <texPath>Things/Mote/Bubble</texPath>
    </graphicData>
    <altitudeLayer>MetaOverlays</altitudeLayer>
    <mote>
      <fadeInTime>0.1</fadeInTime>
      <solidTime>0.5</solidTime>
      <fadeOutTime>0.5</fadeOutTime>
    </mote>
  </ThingDef>

</Defs>