﻿<?xml version="1.0" encoding="utf-8" ?>
<ThingDefs>

  <ThingDef Name="BaseWeaponFishIndustry" Abstract="True">
    <category>Item</category>
    <thingClass>ThingWithComps</thingClass>
    <equipmentType>Primary</equipmentType>
    <pathCost>10</pathCost>
    <useHitPoints>True</useHitPoints>
    <selectable>True</selectable>
    <graphicData>
      <OnGroundRandomRotateAngle>35</OnGroundRandomRotateAngle>
    </graphicData>
    <drawGUIOverlay>true</drawGUIOverlay>
    <statBases>
      <MaxHitPoints>100</MaxHitPoints>
      <Flammability>1.0</Flammability>
      <DeteriorationRate>2</DeteriorationRate>
      <SellPriceFactor>0.5</SellPriceFactor>
    </statBases>
    <altitudeLayer>Item</altitudeLayer>
    <alwaysHaulable>True</alwaysHaulable>
    <tickerType>Never</tickerType>
    <techLevel>Neolithic</techLevel>
    <weaponTags>
      <li>Neolithic</li>
    </weaponTags>
    <thingCategories>
      <li>WeaponsRanged</li>
    </thingCategories>
    <comps>
      <li Class="CompProperties_Forbiddable"/>
      <li>
        <compClass>CompEquippable</compClass>
      </li>
      <li>
        <compClass>CompQuality</compClass>
      </li>
      <li Class="CompProperties_Art">
        <nameMaker>ArtName_WeaponGun</nameMaker>
        <descriptionMaker>ArtDescription_WeaponGun</descriptionMaker>
        <minQualityForArtistic>Excellent</minQualityForArtistic>
      </li>
    </comps>
    <recipeMaker>
      <workSpeedStat>SmithingSpeed</workSpeedStat>
      <workSkill>Crafting</workSkill>
      <effectWorking>Smelt</effectWorking>
      <unfinishedThingDef>UnfinishedWeapon</unfinishedThingDef>
    </recipeMaker>
    <inspectorTabs>
      <li>ITab_Art</li>
    </inspectorTabs>
  </ThingDef>

  <ThingDef Name="BaseProjectileFishIndustry" Abstract="True">
    <category>Projectile</category>
    <tickerType>Normal</tickerType>
    <altitudeLayer>Projectile</altitudeLayer>
    <thingClass>Bullet</thingClass>
    <label>arrow</label>
    <useHitPoints>False</useHitPoints>
    <neverMultiSelect>True</neverMultiSelect>
    <graphicData>
      <shaderType>Transparent</shaderType>
    </graphicData>
  </ThingDef>

  <ThingDef ParentName="BaseProjectileFishIndustry">
    <defName>Harpoon_Thrown</defName>
    <label>harpoon (thrown)</label>
    <graphicData>
      <texPath>Things/Projectile/Harpoon</texPath>
      <graphicClass>Graphic_Single</graphicClass>
    </graphicData>
    <projectile>
      <flyOverhead>false</flyOverhead>
      <damageDef>Stab</damageDef>
      <DamageAmountBase>20</DamageAmountBase>
      <Speed>26</Speed>
    </projectile>
  </ThingDef>
  <ThingDef ParentName="BaseWeaponFishIndustry">
    <defName>Harpoon</defName>
    <label>harpoon</label>
    <description>A harpoon. Designed to hunt big fishes, it can serve other purposes.</description>
    <graphicData>
      <texPath>Things/Item/Equipment/WeaponRanged/Harpoon</texPath>
      <graphicClass>Graphic_Single</graphicClass>
    </graphicData>
    <soundInteract>Interact_BeatFire</soundInteract>
    <costList>
      <WoodLog>80</WoodLog>
      <Steel>20</Steel>
    </costList>
    <statBases>
      <WorkToMake>1400</WorkToMake>
      <MarketValue>90</MarketValue>
      <AccuracyTouch>0.92</AccuracyTouch>
      <AccuracyShort>0.75</AccuracyShort>
      <AccuracyMedium>0.55</AccuracyMedium>
      <AccuracyLong>0.40</AccuracyLong>
      <RangedWeapon_Cooldown>2</RangedWeapon_Cooldown>
    </statBases>
    <weaponTags>
      <li>NeolithicRanged</li>
    </weaponTags>
    <verbs>
      <li>
        <verbClass>Verb_Shoot</verbClass>
        <hasStandardCommand>true</hasStandardCommand>
        <projectileDef>Harpoon_Thrown</projectileDef>
        <warmupTicks>80</warmupTicks>
        <range>8</range>
        <soundCast>Interact_BeatFire</soundCast>
      </li>
    </verbs>
    <recipeMaker>
      <recipeUsers>
        <li>FueledSmithy</li>
        <li>FishingPier</li>
      </recipeUsers>
    </recipeMaker>
  </ThingDef>
  
</ThingDefs>


