﻿<?xml version="1.0" encoding="utf-8" ?>

<Buildings>

  <ThingDef Name="BuildingBase" Abstract="True">
    <category>Building</category>
    <thingClass>Building</thingClass>
    <soundImpactDefault>BulletImpactMetal</soundImpactDefault>
    <selectable>true</selectable>
    <drawerType>MapMeshAndRealTime</drawerType>
    <terrainAffordanceNeeded>Light</terrainAffordanceNeeded>
    <repairEffect>Repair</repairEffect>
    <leaveResourcesWhenKilled>true</leaveResourcesWhenKilled>
    <filthLeaving>BuildingRubble</filthLeaving>
  </ThingDef>

  <ThingDef ParentName="BuildingBase">
    <defName>AquacultureBasin</defName>
    <Label>aquaculture basin</Label>
    <Description>A basin designed to breed fishes. Water quality is auto-regulated. You need to provide an external temperature regulation and some food in attached hopper to feed the bred fishes.</Description>
    <thingClass>FishIndustry.Building_AquacultureBasin</thingClass>
    <TickerType>Normal</TickerType>
    <graphicData>
      <texPath>Things/Building/AquacultureBasin</texPath>
      <graphicClass>Graphic_Single</graphicClass>
      <drawSize>(3,3)</drawSize>
      <damageData>
        <cornerTL>Damage/Corner</cornerTL>
        <cornerTR>Damage/Corner</cornerTR>
        <cornerBL>Damage/Corner</cornerBL>
        <cornerBR>Damage/Corner</cornerBR>
      </damageData>
    </graphicData>
    <rotatable>false</rotatable>
    <terrainAffordanceNeeded>Heavy</terrainAffordanceNeeded>
    <altitudeLayer>Building</altitudeLayer>
    <comps>
      <li Class="CompProperties_Forbiddable"/>
      <li Class="CompProperties_Power">
        <compClass>CompPowerTrader</compClass>
        <basePowerConsumption>500</basePowerConsumption>
      </li>
      <li Class="CompProperties_Flickable"/>
      <li Class="CompProperties_Breakdownable"/>
      <li Class="CompProperties_Glower">
        <glowRadius>5</glowRadius>
        <glowColor>(0,200,255,0)</glowColor>
      </li>
    </comps>
    <CostList>
      <Steel>200</Steel>
      <Component>3</Component>
    </CostList>
    <UseHitPoints>True</UseHitPoints>
    <statBases>
      <WorkToMake>1800</WorkToMake>
      <MaxHitPoints>300</MaxHitPoints>
      <Beauty>20</Beauty>
      <Flammability>0.4</Flammability>
    </statBases>
    <size>(3,3)</size>
    <DesignationCategory>Production</DesignationCategory>
    <passability>Impassable</passability>
    <hasInteractionCell>True</hasInteractionCell>
    <interactionCellOffset>(-1,0,-2)</interactionCellOffset>
    <surfaceType>Item</surfaceType>
    <recipes>
      <li>SupplyMashgonEggs</li>
      <li>SupplyBluebladeEggs</li>
      <li>SupplyTailteethEggs</li>
    </recipes>
    <inspectorTabs>
      <li>ITab_Bills</li>
    </inspectorTabs>
    <building>
      <foodCostPerDispense>20</foodCostPerDispense>
      <spawnedConceptLearnOpportunity>BillsTab</spawnedConceptLearnOpportunity>
    </building>
    <researchPrerequisites>
      <li>ResearchAquaculture</li>
    </researchPrerequisites>
  </ThingDef>

</Buildings>