<?xml version="1.0" encoding="UTF-8"?>
<Defs>

  <ThingDef Name="MoteBaseFishIndustry" Abstract="True">
    <thingClass>MoteThrown</thingClass>
    <label>Mote</label>
    <category>Mote</category>
    <graphicData>
      <graphicClass>Graphic_Mote</graphicClass>
      <shaderType>Mote</shaderType>
    </graphicData>
    <altitudeLayer>MoteLow</altitudeLayer>
    <tickerType>Normal</tickerType>
    <useHitPoints>false</useHitPoints>
    <isSaveable>false</isSaveable>
    <rotatable>false</rotatable>
  </ThingDef>

  <ThingDef ParentName="MoteBaseFishIndustry">
    <defName>Mote_Bubble</defName>
    <graphicData>
      <texPath>Things/Mote/Bubble</texPath>
    </graphicData>
    <altitudeLayer>MetaOverlays</altitudeLayer>
    <mote>
      <fadeInTime>0.1</fadeInTime>
      <solidTime>0.5</solidTime>
      <fadeOutTime>0.5</fadeOutTime>
    </mote>
  </ThingDef>

</Defs>