﻿<?xml version="1.0" encoding="utf-8"?>
<ModMetaData>
	<name>CaveBiome</name>
	<author>Rikiki</author>
	<url>https://ludeon.com/forums/</url>
	<targetVersion>0.16.1393</targetVersion>
	<description>This mod adds a new biome: cave. This will allow you to explore and settle into the deep tunnels of this Rimworld.
WARNING! Caveworld Flora must be enabled BEFORE this mod!
See the forum thread for content/changelog and related mods. https://ludeon.com/forums/index.php?topic=13172.msg133449#msg133449 </description>
</ModMetaData>