﻿<?xml version="1.0" encoding="utf-8" ?>
<Defs>

  <PawnKindDef ParentName="MiningCoPawnKindBase">
    <defName>MiningCoGeologist</defName>
    <label>geologist</label>
    <combatPower>60</combatPower>
    <minGenerationAge>30</minGenerationAge>
    <maxGenerationAge>65</maxGenerationAge>
    <gearHealthRange>
      <min>0.7</min>
      <max>2.3</max>
    </gearHealthRange>
    <itemQuality>Superior</itemQuality>
    <techHediffsMoney>
      <min>1000</min>
      <max>2000</max>
    </techHediffsMoney>
    <techHediffsTags>
      <li>Advanced</li>
    </techHediffsTags>
    <techHediffsChance>0.5</techHediffsChance>
    <inventoryOptions>
      <skipChance>0.8</skipChance>
      <subOptionsChooseOne>
        <li>
          <thingDef>Silver</thingDef>
          <countRange>
            <min>50</min>
            <max>180</max>
          </countRange>
        </li>
        <li>
          <thingDef>Medicine</thingDef>
          <countRange>
            <min>1</min>
            <max>1</max>
          </countRange>
        </li>
      </subOptionsChooseOne>
    </inventoryOptions>
  </PawnKindDef>

</Defs>