﻿<?xml version="1.0" encoding="utf-8" ?>
<Defs>

  <!--=================== Fishes that can only be fished ===============-->

  <ThingDef ParentName="AnimalThingBase">
    <defName>Sduiggles</defName>
    <label>sduiggles</label>
    <description>Found in the swamps and shallow waters. Behind the appearances, this kind of squid is very affectuous and intelligent. Who would like to fish it? You monster!</description>
    <statBases>
      <MoveSpeed>0.01</MoveSpeed>
      <ComfyTemperatureMin>-5</ComfyTemperatureMin>
      <MarketValue>100</MarketValue>
      <Mass>3</Mass>
      <LeatherAmount>0</LeatherAmount>
    </statBases>
    <verbs>
      <li>
        <verbClass>Verb_MeleeAttack</verbClass>
        <defaultCooldownTime>2.5</defaultCooldownTime>
        <meleeDamageBaseAmount>8</meleeDamageBaseAmount>
        <meleeDamageDef>ToxicBite</meleeDamageDef>
        <linkedBodyPartsGroup>Mouth</linkedBodyPartsGroup>
        <surpriseAttack>
          <extraMeleeDamages>
            <li>
              <def>Stun</def>
              <amount>12</amount>
            </li>
          </extraMeleeDamages>
        </surpriseAttack>
      </li>
    </verbs>
    <race>
      <body>Squid</body>
      <predator>true</predator>
      <maxPreyBodySize>0.35</maxPreyBodySize>
      <baseBodySize>0.20</baseBodySize>
      <baseHealthScale>0.30</baseHealthScale>
      <baseHungerRate>0.07</baseHungerRate>
      <foodType>CarnivoreAnimal</foodType>
      <!--<leatherColor>(74,140,140)</leatherColor> Kept for legacy.-->
      <meatLabel>sduiggles tentacles</meatLabel>
      <wildness>0.40</wildness>
      <manhunterOnTameFailChance>0.005</manhunterOnTameFailChance>
      <manhunterOnDamageChance>0.25</manhunterOnDamageChance>
      <gestationPeriodDays>22.0</gestationPeriodDays>
      <nameOnTameChance>1</nameOnTameChance>
      <litterSizeCurve>
        <points>
          <li>(0.5, 0)</li>
          <li>(1, 1)</li>
          <li>(3, 1)</li>
          <li>(3.5, 0)</li>
        </points>
      </litterSizeCurve>
      <lifeExpectancy>4</lifeExpectancy>
      <lifeStageAges>
        <li>
          <def>AnimalBaby</def>
          <minAge>0</minAge>
        </li>
        <li>
          <def>AnimalJuvenile</def>
          <minAge>0.25</minAge>
        </li>
        <li>
          <def>AnimalAdult</def>
          <minAge>0.8</minAge>
          <soundWounded>Pawn_Cobra_Wounded</soundWounded>
          <soundDeath>Pawn_Cobra_Death</soundDeath>
          <soundCall>Pawn_Cobra_Call</soundCall>
          <soundAngry>Pawn_Cobra_Angry</soundAngry>
        </li>
      </lifeStageAges>
      <soundMeleeHitPawn>Pawn_Melee_SmallScratch_HitPawn</soundMeleeHitPawn>
      <soundMeleeHitBuilding>Pawn_Melee_SmallScratch_HitBuilding</soundMeleeHitBuilding>
      <soundMeleeMiss>Pawn_Melee_SmallScratch_Miss</soundMeleeMiss>
    </race>
    <tradeTags>
    </tradeTags>
  </ThingDef>

  <PawnKindDef ParentName="AnimalKindBase" Class="FishIndustry.PawnKindDef_FishSpecies">
    <defName>PawnKindDefFishSduiggles</defName>
    <label>sduiggles</label>
    <race>Sduiggles</race>
    <combatPower>30</combatPower>
    <canArriveManhunter>false</canArriveManhunter>
    <ecoSystemWeight>0.2</ecoSystemWeight>
    <lifeStages>
      <li>
        <bodyGraphicData>
          <texPath>Things/Pawn/Animal/Fish/Sduiggles</texPath>
          <drawSize>0.5</drawSize>
        </bodyGraphicData>
        <dessicatedBodyGraphicData>
          <texPath>Things/Pawn/Animal/Rat/Dessicated_Rat</texPath>
          <drawSize>0.5</drawSize>
        </dessicatedBodyGraphicData>
      </li>
      <li>
        <bodyGraphicData>
          <texPath>Things/Pawn/Animal/Fish/Sduiggles</texPath>
          <drawSize>0.75</drawSize>
        </bodyGraphicData>
        <dessicatedBodyGraphicData>
          <texPath>Things/Pawn/Animal/Rat/Dessicated_Rat</texPath>
          <drawSize>0.75</drawSize>
        </dessicatedBodyGraphicData>
      </li>
      <li>
        <bodyGraphicData>
          <texPath>Things/Pawn/Animal/Fish/Sduiggles</texPath>
          <drawSize>1.0</drawSize>
        </bodyGraphicData>
        <dessicatedBodyGraphicData>
          <texPath>Things/Pawn/Animal/Rat/Dessicated_Rat</texPath>
          <drawSize>1.0</drawSize>
        </dessicatedBodyGraphicData>
      </li>
    </lifeStages>

    <livesInOcean>true</livesInOcean>
    <livesInMarsh>true</livesInMarsh>
    <livesInRiver>false</livesInRiver>
    <commonality>0.2</commonality>
    <naturalBiomes>
      <li>TemperateForest</li>
      <li>TemperateSwamp</li>
      <li>TropicalRainforest</li>
      <li>TropicalSwamp</li>
      <li>AridShrubland</li>
    </naturalBiomes>
  </PawnKindDef>

  <ThingDef ParentName="AnimalThingBase">
    <defName>Seasnake</defName>
    <label>seasnake</label>
    <description>Often mistaken for its wild tailteeth cousin, this peaceful fish is often caught during moonless nights.</description>
    <statBases>
      <MoveSpeed>0.01</MoveSpeed>
      <ComfyTemperatureMin>-10</ComfyTemperatureMin>
      <MarketValue>80</MarketValue>
      <Mass>4</Mass>
      <LeatherAmount>0</LeatherAmount>
    </statBases>
    <verbs>
      <li>
        <verbClass>Verb_MeleeAttack</verbClass>
        <defaultCooldownTime>1.5</defaultCooldownTime>
        <meleeDamageBaseAmount>6</meleeDamageBaseAmount>
        <meleeDamageDef>Scratch</meleeDamageDef>
        <linkedBodyPartsGroup>Mouth</linkedBodyPartsGroup>
        <surpriseAttack>
          <extraMeleeDamages>
            <li>
              <def>Stun</def>
              <amount>9</amount>
            </li>
          </extraMeleeDamages>
        </surpriseAttack>
      </li>
    </verbs>
    <race>
      <body>Fish</body>
      <predator>false</predator>
      <baseBodySize>0.30</baseBodySize>
      <baseHungerRate>0.07</baseHungerRate>
      <baseHealthScale>0.4</baseHealthScale>
      <foodType>OmnivoreAnimal</foodType>
      <!--<leatherColor>(26,47,61)</leatherColor> Kept for legacy.-->
      <meatLabel>seasnake filet</meatLabel>
      <wildness>0.5</wildness>
      <manhunterOnTameFailChance>0.015</manhunterOnTameFailChance>
      <manhunterOnDamageChance>0.75</manhunterOnDamageChance>
      <gestationPeriodDays>5.0</gestationPeriodDays>
      <nameOnTameChance>0.15</nameOnTameChance>
      <litterSizeCurve>
        <points>
          <li>(0.5, 0)</li>
          <li>(1, 1)</li>
          <li>(3, 1)</li>
          <li>(3.5, 0)</li>
        </points>
      </litterSizeCurve>
      <lifeExpectancy>15</lifeExpectancy>
      <lifeStageAges>
        <li>
          <def>AnimalBaby</def>
          <minAge>0</minAge>
        </li>
        <li>
          <def>AnimalJuvenile</def>
          <minAge>1</minAge>
        </li>
        <li>
          <def>AnimalAdult</def>
          <minAge>3</minAge>
          <soundWounded>Pawn_Cobra_Wounded</soundWounded>
          <soundDeath>Pawn_Cobra_Death</soundDeath>
          <soundCall>Pawn_Cobra_Call</soundCall>
          <soundAngry>Pawn_Cobra_Angry</soundAngry>
        </li>
      </lifeStageAges>
      <soundMeleeHitPawn>Pawn_Melee_SmallScratch_HitPawn</soundMeleeHitPawn>
      <soundMeleeHitBuilding>Pawn_Melee_SmallScratch_HitBuilding</soundMeleeHitBuilding>
      <soundMeleeMiss>Pawn_Melee_SmallScratch_Miss</soundMeleeMiss>
    </race>
    <tradeTags>
    </tradeTags>
  </ThingDef>

  <PawnKindDef ParentName="AnimalKindBase" Class="FishIndustry.PawnKindDef_FishSpecies">
    <defName>PawnKindDefFishSeasnake</defName>
    <label>seasnake</label>
    <race>Seasnake</race>
    <combatPower>20</combatPower>
    <canArriveManhunter>false</canArriveManhunter>
    <ecoSystemWeight>0.75</ecoSystemWeight>
    <lifeStages>
      <li>
        <bodyGraphicData>
          <texPath>Things/Pawn/Animal/Fish/Seasnake</texPath>
          <drawSize>0.5</drawSize>
        </bodyGraphicData>
        <dessicatedBodyGraphicData>
          <texPath>Things/Pawn/Animal/Cobra/Dessicated_Cobra</texPath>
          <drawSize>0.5</drawSize>
        </dessicatedBodyGraphicData>
      </li>
      <li>
        <bodyGraphicData>
          <texPath>Things/Pawn/Animal/Fish/Seasnake</texPath>
          <drawSize>0.75</drawSize>
        </bodyGraphicData>
        <dessicatedBodyGraphicData>
          <texPath>Things/Pawn/Animal/Cobra/Dessicated_Cobra</texPath>
          <drawSize>0.75</drawSize>
        </dessicatedBodyGraphicData>
      </li>
      <li>
        <bodyGraphicData>
          <texPath>Things/Pawn/Animal/Fish/Seasnake</texPath>
          <drawSize>1.0</drawSize>
        </bodyGraphicData>
        <dessicatedBodyGraphicData>
          <texPath>Things/Pawn/Animal/Cobra/Dessicated_Cobra</texPath>
          <drawSize>1.0</drawSize>
        </dessicatedBodyGraphicData>
      </li>
    </lifeStages>

    <livesInOcean>true</livesInOcean>
    <livesInMarsh>false</livesInMarsh>
    <livesInRiver>true</livesInRiver>
    <commonality>0.75</commonality>
    <naturalBiomes>
      <li>Tundra</li>
      <li>BorealForest</li>
      <li>TemperateForest</li>
      <li>TemperateSwamp</li>
      <li>TropicalRainforest</li>
      <li>TropicalSwamp</li>
    </naturalBiomes>
  </PawnKindDef>

  <!--=================== Fishes that can be bred ===============-->

  <ThingDef ParentName="AnimalThingBase">
    <defName>Mashgon</defName>
    <label>mashgon</label>
    <description>A medium shellfish often found in the swamps and marshes. Its name comes from the local tribespeople calling it "marsh dragon". Easy to catch and fast to breed, this is a good basic protein source. Not really nourishing but really tasty, it can be grilled for a better flavour.</description>
    <statBases>
      <MoveSpeed>0.01</MoveSpeed>
      <ComfyTemperatureMin>-20</ComfyTemperatureMin>
      <MarketValue>50</MarketValue>
      <Mass>2</Mass>
      <LeatherAmount>0</LeatherAmount>
    </statBases>
    <verbs>
      <li>
        <verbClass>Verb_MeleeAttack</verbClass>
        <defaultCooldownTime>1.5</defaultCooldownTime>
        <meleeDamageBaseAmount>8</meleeDamageBaseAmount>
        <meleeDamageDef>Scratch</meleeDamageDef>
        <linkedBodyPartsGroup>Mouth</linkedBodyPartsGroup>
        <surpriseAttack>
          <extraMeleeDamages>
            <li>
              <def>Stun</def>
              <amount>10</amount>
            </li>
          </extraMeleeDamages>
        </surpriseAttack>
      </li>
    </verbs>
    <race>
      <body>Fish</body>
      <predator>true</predator>
      <maxPreyBodySize>0.20</maxPreyBodySize>
      <baseBodySize>0.15</baseBodySize>
      <baseHealthScale>0.45</baseHealthScale>
      <baseHungerRate>0.07</baseHungerRate>
      <foodType>OmnivoreAnimal</foodType>
      <!--<leatherColor>(221,123,23)</leatherColor> Kept for legacy.-->
      <meatLabel>shelled mashgon</meatLabel>
      <meatColor>(221,123,23)</meatColor>
      <wildness>0.75</wildness>
      <manhunterOnTameFailChance>0.03</manhunterOnTameFailChance>
      <manhunterOnDamageChance>0.85</manhunterOnDamageChance>
      <gestationPeriodDays>2.0</gestationPeriodDays>
      <nameOnTameChance>0.05</nameOnTameChance>
      <litterSizeCurve>
        <points>
          <li>(0.5, 0)</li>
          <li>(1, 1)</li>
          <li>(3, 1)</li>
          <li>(3.5, 0)</li>
        </points>
      </litterSizeCurve>
      <lifeExpectancy>3</lifeExpectancy>
      <lifeStageAges>
        <li>
          <def>AnimalBaby</def>
          <minAge>0</minAge>
        </li>
        <li>
          <def>AnimalJuvenile</def>
          <minAge>0.25</minAge>
        </li>
        <li>
          <def>AnimalAdult</def>
          <minAge>0.5</minAge>
          <soundWounded>Pawn_Cobra_Wounded</soundWounded>
          <soundDeath>Pawn_Cobra_Death</soundDeath>
          <soundCall>Pawn_Cobra_Call</soundCall>
          <soundAngry>Pawn_Cobra_Angry</soundAngry>
        </li>
      </lifeStageAges>
      <soundMeleeHitPawn>Pawn_Melee_SmallScratch_HitPawn</soundMeleeHitPawn>
      <soundMeleeHitBuilding>Pawn_Melee_SmallScratch_HitBuilding</soundMeleeHitBuilding>
      <soundMeleeMiss>Pawn_Melee_SmallScratch_Miss</soundMeleeMiss>
    </race>
    <tradeTags>
    </tradeTags>
  </ThingDef>

  <PawnKindDef ParentName="AnimalKindBase" Class="FishIndustry.PawnKindDef_FishSpecies">
    <defName>PawnKindDefFishMashgon</defName>
    <label>mashgon</label>
    <race>Mashgon</race>
    <combatPower>25</combatPower>
    <canArriveManhunter>false</canArriveManhunter>
    <ecoSystemWeight>0.80</ecoSystemWeight>
    <lifeStages>
      <li>
        <bodyGraphicData>
          <texPath>Things/Pawn/Animal/Fish/Mashgon</texPath>
          <drawSize>0.5</drawSize>
        </bodyGraphicData>
        <dessicatedBodyGraphicData>
          <texPath>Things/Pawn/Animal/Rat/Dessicated_Rat</texPath>
          <drawSize>0.5</drawSize>
        </dessicatedBodyGraphicData>
      </li>
      <li>
        <bodyGraphicData>
          <texPath>Things/Pawn/Animal/Fish/Mashgon</texPath>
          <drawSize>0.75</drawSize>
        </bodyGraphicData>
        <dessicatedBodyGraphicData>
          <texPath>Things/Pawn/Animal/Rat/Dessicated_Rat</texPath>
          <drawSize>0.75</drawSize>
        </dessicatedBodyGraphicData>
      </li>
      <li>
        <bodyGraphicData>
          <texPath>Things/Pawn/Animal/Fish/Mashgon</texPath>
          <drawSize>1.0</drawSize>
        </bodyGraphicData>
        <dessicatedBodyGraphicData>
          <texPath>Things/Pawn/Animal/Rat/Dessicated_Rat</texPath>
          <drawSize>1.0</drawSize>
        </dessicatedBodyGraphicData>
      </li>
    </lifeStages>

    <livesInOcean>true</livesInOcean>
    <livesInMarsh>true</livesInMarsh>
    <livesInRiver>true</livesInRiver>
    <commonality>0.80</commonality>
    <breedQuantity>20</breedQuantity>
    <breedingDurationInDays>2</breedingDurationInDays>
    <naturalBiomes>
      <li>Tundra</li>
      <li>BorealForest</li>
      <li>TemperateForest</li>
      <li>TemperateSwamp</li>
      <li>TropicalRainforest</li>
      <li>TropicalSwamp</li>
      <li>AridShrubland</li>
    </naturalBiomes>
  </PawnKindDef>

  <ThingDef ParentName="AnimalThingBase">
    <defName>Blueblade</defName>
    <label>blueblade</label>
    <description>A very common fish found in shallow water. Its name comes from its resilience: it is able to live both in hot blue lagoons or in icy blue waters.</description>
    <statBases>
      <MoveSpeed>0.01</MoveSpeed>
      <ComfyTemperatureMin>-5</ComfyTemperatureMin>
      <MarketValue>80</MarketValue>
      <Mass>4</Mass>
      <LeatherAmount>0</LeatherAmount>
    </statBases>
    <verbs>
      <li>
        <verbClass>Verb_MeleeAttack</verbClass>
        <defaultCooldownTime>1.5</defaultCooldownTime>
        <meleeDamageBaseAmount>5</meleeDamageBaseAmount>
        <meleeDamageDef>Scratch</meleeDamageDef>
        <linkedBodyPartsGroup>Mouth</linkedBodyPartsGroup>
        <surpriseAttack>
          <extraMeleeDamages>
            <li>
              <def>Stun</def>
              <amount>7</amount>
            </li>
          </extraMeleeDamages>
        </surpriseAttack>
      </li>
    </verbs>
    <race>
      <body>Fish</body>
      <predator>false</predator>
      <baseBodySize>0.20</baseBodySize>
      <baseHealthScale>0.35</baseHealthScale>
      <baseHungerRate>0.07</baseHungerRate>
      <foodType>OmnivoreAnimal</foodType>
      <!--<leatherColor>(56,114,190)</leatherColor> Kept for legacy.-->
      <meatLabel>blueblade filet</meatLabel>
      <wildness>0.40</wildness>
      <manhunterOnTameFailChance>0.015</manhunterOnTameFailChance>
      <manhunterOnDamageChance>0.15</manhunterOnDamageChance>
      <gestationPeriodDays>4.0</gestationPeriodDays>
      <nameOnTameChance>0.05</nameOnTameChance>
      <litterSizeCurve>
        <points>
          <li>(0.5, 0)</li>
          <li>(1, 1)</li>
          <li>(3, 1)</li>
          <li>(3.5, 0)</li>
        </points>
      </litterSizeCurve>
      <lifeExpectancy>15</lifeExpectancy>
      <lifeStageAges>
        <li>
          <def>AnimalBaby</def>
          <minAge>0</minAge>
        </li>
        <li>
          <def>AnimalJuvenile</def>
          <minAge>1</minAge>
        </li>
        <li>
          <def>AnimalAdult</def>
          <minAge>3</minAge>
          <soundWounded>Pawn_Cobra_Wounded</soundWounded>
          <soundDeath>Pawn_Cobra_Death</soundDeath>
          <soundCall>Pawn_Cobra_Call</soundCall>
          <soundAngry>Pawn_Cobra_Angry</soundAngry>
        </li>
      </lifeStageAges>
      <soundMeleeHitPawn>Pawn_Melee_SmallScratch_HitPawn</soundMeleeHitPawn>
      <soundMeleeHitBuilding>Pawn_Melee_SmallScratch_HitBuilding</soundMeleeHitBuilding>
      <soundMeleeMiss>Pawn_Melee_SmallScratch_Miss</soundMeleeMiss>
    </race>
    <tradeTags>
    </tradeTags>
  </ThingDef>

  <PawnKindDef ParentName="AnimalKindBase" Class="FishIndustry.PawnKindDef_FishSpecies">
    <defName>PawnKindDefFishBlueblade</defName>
    <label>blueblade</label>
    <race>Blueblade</race>
    <combatPower>20</combatPower>
    <canArriveManhunter>false</canArriveManhunter>
    <ecoSystemWeight>0.75</ecoSystemWeight>
    <lifeStages>
      <li>
        <bodyGraphicData>
          <texPath>Things/Pawn/Animal/Fish/Blueblade</texPath>
          <drawSize>0.5</drawSize>
        </bodyGraphicData>
        <dessicatedBodyGraphicData>
          <texPath>Things/Pawn/Animal/Rat/Dessicated_Rat</texPath>
          <drawSize>0.5</drawSize>
        </dessicatedBodyGraphicData>
      </li>
      <li>
        <bodyGraphicData>
          <texPath>Things/Pawn/Animal/Fish/Blueblade</texPath>
          <drawSize>0.75</drawSize>
        </bodyGraphicData>
        <dessicatedBodyGraphicData>
          <texPath>Things/Pawn/Animal/Rat/Dessicated_Rat</texPath>
          <drawSize>0.75</drawSize>
        </dessicatedBodyGraphicData>
      </li>
      <li>
        <bodyGraphicData>
          <texPath>Things/Pawn/Animal/Fish/Blueblade</texPath>
          <drawSize>1.0</drawSize>
        </bodyGraphicData>
        <dessicatedBodyGraphicData>
          <texPath>Things/Pawn/Animal/Rat/Dessicated_Rat</texPath>
          <drawSize>1.0</drawSize>
        </dessicatedBodyGraphicData>
      </li>
    </lifeStages>

    <livesInOcean>true</livesInOcean>
    <livesInMarsh>false</livesInMarsh>
    <livesInRiver>true</livesInRiver>
    <commonality>0.75</commonality>
    <breedQuantity>48</breedQuantity>
    <breedingDurationInDays>4</breedingDurationInDays>
    <naturalBiomes>
      <li>SeaIce</li>
      <li>Tundra</li>
      <li>BorealForest</li>
      <li>TemperateForest</li>
      <li>TemperateSwamp</li>
      <li>TropicalRainforest</li>
      <li>TropicalSwamp</li>
      <li>AridShrubland</li>
      <li>Desert</li>
    </naturalBiomes>
  </PawnKindDef>

  <ThingDef ParentName="AnimalThingBase">
    <defName>Tailteeth</defName>
    <label>tailteeth</label>
    <description>This ferocious predator owns its name to its vicious tactics. Slowly approaching its unaware drinking preys, it uses its massive tail to attract them into deep water. The teeth is generaly the last vision you can get from this terrible creature.</description>
    <statBases>
      <MoveSpeed>0.01</MoveSpeed>
      <ComfyTemperatureMin>-10</ComfyTemperatureMin>
      <MarketValue>500</MarketValue>
      <Mass>120</Mass>
    </statBases>
    <verbs>
      <li>
        <verbClass>Verb_MeleeAttack</verbClass>
        <defaultCooldownTime>1.5</defaultCooldownTime>
        <meleeDamageBaseAmount>6</meleeDamageBaseAmount>
        <meleeDamageDef>Scratch</meleeDamageDef>
        <linkedBodyPartsGroup>Mouth</linkedBodyPartsGroup>
        <surpriseAttack>
          <extraMeleeDamages>
            <li>
              <def>Stun</def>
              <amount>9</amount>
            </li>
          </extraMeleeDamages>
        </surpriseAttack>
      </li>
    </verbs>
    <race>
      <body>Fish</body>
      <predator>true</predator>
      <maxPreyBodySize>1.8</maxPreyBodySize>
      <baseBodySize>1.3</baseBodySize>
      <baseHealthScale>1.5</baseHealthScale>
      <baseHungerRate>0.07</baseHungerRate>
      <foodType>CarnivoreAnimal</foodType>
      <leatherDef>Leather_Tailteeth</leatherDef>
      <!--<leatherColor>(59,86,49)</leatherColor> Kept for legacy.-->
      <meatLabel>tailteeth steak</meatLabel>
      <wildness>0.95</wildness>
      <manhunterOnTameFailChance>0.15</manhunterOnTameFailChance>
      <manhunterOnDamageChance>1</manhunterOnDamageChance>
      <gestationPeriodDays>25.0</gestationPeriodDays>
      <nameOnTameChance>0.25</nameOnTameChance>
      <litterSizeCurve>
        <points>
          <li>(0.5, 0)</li>
          <li>(1, 1)</li>
          <li>(3, 1)</li>
          <li>(3.5, 0)</li>
        </points>
      </litterSizeCurve>
      <lifeExpectancy>15</lifeExpectancy>
      <lifeStageAges>
        <li>
          <def>AnimalBaby</def>
          <minAge>0</minAge>
        </li>
        <li>
          <def>AnimalJuvenile</def>
          <minAge>2</minAge>
        </li>
        <li>
          <def>AnimalAdult</def>
          <minAge>6</minAge>
          <soundWounded>Pawn_Cobra_Wounded</soundWounded>
          <soundDeath>Pawn_Cobra_Death</soundDeath>
          <soundCall>Pawn_Cobra_Call</soundCall>
          <soundAngry>Pawn_Cobra_Angry</soundAngry>
        </li>
      </lifeStageAges>
      <soundMeleeHitPawn>Pawn_Melee_SmallScratch_HitPawn</soundMeleeHitPawn>
      <soundMeleeHitBuilding>Pawn_Melee_SmallScratch_HitBuilding</soundMeleeHitBuilding>
      <soundMeleeMiss>Pawn_Melee_SmallScratch_Miss</soundMeleeMiss>
    </race>
    <tradeTags>
    </tradeTags>
  </ThingDef>

  <PawnKindDef ParentName="AnimalKindBase" Class="FishIndustry.PawnKindDef_FishSpecies">
    <defName>PawnKindDefFishTailteeth</defName>
    <label>tailteeth</label>
    <race>Tailteeth</race>
    <combatPower>160</combatPower>
    <canArriveManhunter>false</canArriveManhunter>
    <ecoSystemWeight>0.05</ecoSystemWeight>
    <lifeStages>
      <li>
        <bodyGraphicData>
          <texPath>Things/Pawn/Animal/Fish/Tailteeth</texPath>
          <drawSize>0.5</drawSize>
        </bodyGraphicData>
        <dessicatedBodyGraphicData>
          <texPath>Things/Pawn/Animal/Capybara/Dessicated_Capybara</texPath>
          <drawSize>0.5</drawSize>
        </dessicatedBodyGraphicData>
      </li>
      <li>
        <bodyGraphicData>
          <texPath>Things/Pawn/Animal/Fish/Tailteeth</texPath>
          <drawSize>0.75</drawSize>
        </bodyGraphicData>
        <dessicatedBodyGraphicData>
          <texPath>Things/Pawn/Animal/Capybara/Dessicated_Capybara</texPath>
          <drawSize>0.75</drawSize>
        </dessicatedBodyGraphicData>
      </li>
      <li>
        <bodyGraphicData>
          <texPath>Things/Pawn/Animal/Fish/Tailteeth</texPath>
          <drawSize>1.0</drawSize>
        </bodyGraphicData>
        <dessicatedBodyGraphicData>
          <texPath>Things/Pawn/Animal/Capybara/Dessicated_Capybara</texPath>
          <drawSize>1.0</drawSize>
        </dessicatedBodyGraphicData>
      </li>
    </lifeStages>

    <livesInOcean>true</livesInOcean>
    <livesInMarsh>false</livesInMarsh>
    <livesInRiver>true</livesInRiver>
    <commonality>0.05</commonality>
    <breedQuantity>150</breedQuantity>
    <breedingDurationInDays>10</breedingDurationInDays>
    <naturalBiomes>
      <li>TemperateForest</li>
      <li>TemperateSwamp</li>
      <li>TropicalRainforest</li>
      <li>TropicalSwamp</li>
      <li>AridShrubland</li>
      <li>Desert</li>
    </naturalBiomes>
  </PawnKindDef>

</Defs>