<?xml version="1.0" encoding="utf-8" ?>
<ResearchProjectDefs>

  <ResearchProjectDef>
    <defName>ResearchForceField</defName>
    <label>MiningCo.: force field</label>
    <description>Local tribes are sometimes not really "cooperative" when an excavation outpost is established in "their" territory.
Force field generators are perfect to protect your security forces under a rain of arrows and pila.
    
- Develop the force field generator.
    </description>
    <descriptionDiscovered>You have developped the force field generator.

- You can now build force field generators to protect your security forces from incoming projectiles.
- Watch out for heavy rockets though!
    </descriptionDiscovered>
    <techLevel>Industrial</techLevel>
    <baseCost>3000</baseCost>
    <prerequisites>
      <li>MicroelectronicsBasics</li>
    </prerequisites>
    <requiredResearchBuilding>HiTechResearchBench</requiredResearchBuilding>
    <requiredResearchFacilities>
      <li>MultiAnalyzer</li>
    </requiredResearchFacilities>
  </ResearchProjectDef>
  
</ResearchProjectDefs>