﻿<?xml version="1.0" encoding="utf-8" ?>
<ThoughtDefs>

  <ThoughtDef>
    <defName>AteRawShimmershroom</defName>
    <durationDays>1</durationDays>
    <stackLimit>1</stackLimit>
    <stages>
      <li>
        <label>ate raw shimmershroom</label>
        <description>I ate a delicious shimmershroom. It tastes so good!</description>
        <baseMoodEffect>5</baseMoodEffect>
      </li>
    </stages>
  </ThoughtDef>

  <ThoughtDef>
    <defName>BreathedGleamcapSmoke</defName>
    <durationDays>1</durationDays>
    <stackLimit>1</stackLimit>
    <stages>
      <li>
        <label>breathed gleamcap smoke</label>
        <description>I breathed a strange smoke from this gleamcap. I am feeling so gooood!</description>
        <baseMoodEffect>8</baseMoodEffect>
      </li>
    </stages>
  </ThoughtDef>

</ThoughtDefs>