﻿<?xml version="1.0" encoding="utf-8" ?>
<Defs>

	<!--========================= Tier 4: Hi-tech research bench with multi-analyzer ===================================-->

	<ResearchProjectDef>
		<defName>ResearchPowerFist</defName>
		<label>power fist</label>
		<description>Study how to design a powerful mining tool. Can also be used as a melee weapon. Increase combat effectiveness by wearing a power armor (adds an EMP to fight mechanoids).</description>
		<baseCost>1500</baseCost>
		<techLevel>Spacer</techLevel>
		<prerequisites>
			<li>MultiAnalyzer</li>
		</prerequisites>
		<requiredResearchBuilding>HiTechResearchBench</requiredResearchBuilding>
		<requiredResearchFacilities>
			<li>MultiAnalyzer</li>
		</requiredResearchFacilities>
    <tab>MiningCo</tab>
		<researchViewX>2</researchViewX>
		<researchViewY>3</researchViewY>
	</ResearchProjectDef>

</Defs>
