﻿<?xml version="1.0" encoding="utf-8" ?>
<JobDefs>

  <JobDef>
    <defName>JobDef_StartCampfireParty</defName>
    <driverClass>CampfireParty.JobDriver_StartCampfireParty</driverClass>
    <reportString>Going to a campfire party.</reportString>
  </JobDef>

  <JobDef>
    <defName>JobDef_WanderAroundPyre</defName>
    <driverClass>CampfireParty.JobDriver_WanderAroundPyre</driverClass>
    <reportString>Wandering around pyre.</reportString>
    <joyGainRate>1</joyGainRate>
  </JobDef>

  <JobDef>
    <defName>JobDef_PlayTheGuitar</defName>
    <driverClass>CampfireParty.JobDriver_PlayTheGuitar</driverClass>
    <reportString>Playing the guitar.</reportString>
    <joyGainRate>1</joyGainRate>
  </JobDef>

  <JobDef>
    <defName>JobDef_Dance</defName>
    <driverClass>CampfireParty.JobDriver_Dance</driverClass>
    <reportString>Dancing.</reportString>
    <joyGainRate>1</joyGainRate>
  </JobDef>

  <JobDef>
    <defName>JobDef_IngestBeer</defName>
    <driverClass>CampfireParty.JobDriver_IngestBeer</driverClass>
    <reportString>Drinking a beer.</reportString>
  </JobDef>

  <JobDef>
    <defName>JobDef_DropClothes</defName>
    <driverClass>CampfireParty.JobDriver_DropClothes</driverClass>
    <reportString>Getting free from clothes' dictatorship.</reportString>
  </JobDef>

  <JobDef>
    <defName>JobDef_ShootUpinTheAir</defName>
    <driverClass>CampfireParty.JobDriver_ShootUpinTheAir</driverClass>
    <reportString>Shooting up in the air.</reportString>
    <alwaysShowWeapon>true</alwaysShowWeapon>
  </JobDef>

  <JobDef>
    <defName>JobDef_UpdateThought</defName>
    <driverClass>CampfireParty.JobDriver_UpdateThought</driverClass>
    <reportString>Enjoying at campfire party.</reportString>
  </JobDef>

</JobDefs>