﻿<?xml version="1.0" encoding="utf-8" ?>
<ThingDefs>

  <ThingDef Name="ApparelBase" Abstract="True">
    <thingClass>Apparel</thingClass>
    <category>Item</category>
    <selectable>True</selectable>
    <pathCost>10</pathCost>
    <useHitPoints>True</useHitPoints>
    <graphicData>
      <onGroundRandomRotateAngle>35</onGroundRandomRotateAngle>
    </graphicData>
    <drawGUIOverlay>true</drawGUIOverlay>
    <statBases>
      <MaxHitPoints>100</MaxHitPoints>
      <Flammability>1.0</Flammability>
      <DeteriorationRate>2</DeteriorationRate>
      <SellPriceFactor>0.5</SellPriceFactor>
    </statBases>
    <altitudeLayer>Item</altitudeLayer>
    <alwaysHaulable>True</alwaysHaulable>
    <tickerType>Never</tickerType>
    <comps>
      <li Class="CompProperties_Forbiddable"/>
      <li>
        <compClass>CompColorable</compClass>
      </li>
      <li>
        <compClass>CompQuality</compClass>
      </li>
    </comps>
  </ThingDef>

  <ThingDef Name="ApparelMakeableBase" ParentName="ApparelBase" Abstract="True">
    <recipeMaker>
      <workSpeedStat>TailoringSpeed</workSpeedStat>
      <workSkill>Crafting</workSkill>
      <effectWorking>Tailor</effectWorking>
      <soundWorking>Recipe_Tailor</soundWorking>
      <recipeUsers>
        <li>ElectricTailoringBench</li>
        <li>HandTailoringBench</li>
      </recipeUsers>
      <unfinishedThingDef>UnfinishedApparel</unfinishedThingDef>
    </recipeMaker>
  </ThingDef>

  <ThingDef Name="HatMakeableBase" ParentName="ApparelMakeableBase" Abstract="True">
    <thingCategories>
      <li>Headgear</li>
    </thingCategories>
  </ThingDef>

  <ThingDef ParentName="HatMakeableBase">
   <defName>MiningHelmet</defName>
    <label>mining helmet</label>
    <description>A miners best friend. This hard hat will help protect you when the roof comes crashing down. Its light is also reassuring when alone in dark caves.</description>
    <thingClass>MiningHelmet.MiningHelmet</thingClass>
    <techLevel>Industrial</techLevel>
    <tickerType>Normal</tickerType>
    <recipeMaker>
      <unfinishedThingDef>UnfinishedTechArmor</unfinishedThingDef>
    </recipeMaker>
    <graphicData>
      <texPath>Things/Apparel/MiningHelmet/MiningHelmet</texPath>
      <graphicClass>Graphic_Single</graphicClass>
      <OnGroundRandomRotateAngle>35</OnGroundRandomRotateAngle>
    </graphicData>
    <statBases>
      <WorkToMake>10000</WorkToMake>
      <ArmorRating_Blunt>0.4</ArmorRating_Blunt>
      <ArmorRating_Sharp>0.2</ArmorRating_Sharp>
    </statBases>
    <equippedStatOffsets>
	    <MiningSpeed>0.20</MiningSpeed>
    </equippedStatOffsets>
    <costList>
      <Steel>50</Steel>
      <Cloth>20</Cloth>
      <Component>1</Component>
    </costList>
    <apparel>
      <bodyPartGroups>
        <li>UpperHead</li>
      </bodyPartGroups>
      <worngraphicPath>Things/Apparel/MiningHelmet/MiningHelmet</worngraphicPath>
      <layers>
        <li>Overhead</li>
      </layers>
      <commonality>50</commonality>
      <tags>
      </tags>
    </apparel>
  </ThingDef>
  
</ThingDefs>