﻿<?xml version="1.0" encoding="utf-8" ?>
<TerrainDefs>

  <TerrainDef>
    <defName>FishingPierFloorDeepWater</defName>
    <label>Fishing pier floor</label>
    <texturePath>Terrain/Surfaces/WaterDeep</texturePath>
    <EdgeType>FadeRough</EdgeType>
    <RenderPrecedence>395</RenderPrecedence>
    <PathCost>0</PathCost>
    <acceptFilth>false</acceptFilth>
    <fertility>0</fertility>
    <avoidWander>false</avoidWander>
    <changeable>false</changeable>
    <holdSnow>true</holdSnow>
  </TerrainDef>

  <TerrainDef>
    <defName>FishingPierFloorShallowWater</defName>
    <label>Fishing pier floor</label>
    <texturePath>Terrain/Surfaces/WaterShallow</texturePath>
    <EdgeType>FadeRough</EdgeType>
    <RenderPrecedence>394</RenderPrecedence>
    <PathCost>0</PathCost>
    <acceptFilth>false</acceptFilth>
    <fertility>0</fertility>
    <avoidWander>false</avoidWander>
    <changeable>false</changeable>
    <holdSnow>true</holdSnow>
  </TerrainDef>

  <TerrainDef>
    <defName>FishingPierFloorMarsh</defName>
    <label>Fishing pier floor</label>
    <texturePath>Terrain/Surfaces/Marsh</texturePath>
    <EdgeType>FadeRough</EdgeType>
    <RenderPrecedence>394</RenderPrecedence>
    <PathCost>0</PathCost>
    <acceptFilth>false</acceptFilth>
    <fertility>0</fertility>
    <avoidWander>false</avoidWander>
    <changeable>false</changeable>
    <holdSnow>true</holdSnow>
  </TerrainDef>

</TerrainDefs>