﻿<?xml version="1.0" encoding="utf-8" ?>
<Defs>

  <HediffDef ParentName="InjuryBase">
		<defName>Electric</defName>
		<label>electrocution</label>
    <description>An electrical burn.</description>
    <comps>
      <li Class="HediffCompProperties_TendDuration">
        <labelTendedWell>bandaged</labelTendedWell>
        <labelTendedWellInner>sutured</labelTendedWellInner>
        <labelSolidTendedWell>set</labelSolidTendedWell>
      </li>
      <li Class="HediffCompProperties_Infecter">
        <infectionChance>0.20</infectionChance>
      </li>
      <li Class="HediffCompProperties_GetsPermanent">
        <permanentLabel>burn scar</permanentLabel>
      </li>
    </comps>
    <injuryProps>
      <painPerSeverity>0.01875</painPerSeverity>
      <averagePainPerSeverityPermanent>0.00625</averagePainPerSeverityPermanent>
      <canMerge>true</canMerge>
      <destroyedLabel>Burned off</destroyedLabel>
      <destroyedOutLabel>Burned out</destroyedOutLabel>
    </injuryProps>
	</HediffDef>
  
</Defs>
