﻿<?xml version="1.0" encoding="utf-8" ?>
<HediffDefs>

  <HediffDef Name="InjuryBase" Abstract="True">
    <hediffClass>Hediff_Injury</hediffClass>
    <tendable>true</tendable>
    <displayWound>true</displayWound>
  </HediffDef>

	<HediffDef ParentName="InjuryBase">
		<defName>Electric</defName>
		<label>electrocution</label>
    <comps>
      <li Class="HediffCompProperties_TendDuration">
        <labelTendedWell>bandaged</labelTendedWell>
        <labelTendedWellInner>sutured</labelTendedWellInner>
        <labelSolidTendedWell>set</labelSolidTendedWell>
      </li>
      <li Class="HediffCompProperties_Infecter">
        <infectionChance>0.20</infectionChance>
      </li>
      <li Class="HediffCompProperties_GetsOld">
        <oldLabel>burn scar</oldLabel>
      </li>
    </comps>
		<injuryProps>
      <painPerSeverity>0.01875</painPerSeverity>
      <averagePainPerSeverityOld>0.00625</averagePainPerSeverityOld>
      <canMerge>true</canMerge>
			<destroyedLabel>Burned off</destroyedLabel>
			<destroyedOutLabel>Burned out</destroyedOutLabel>
		</injuryProps>
	</HediffDef>
  
</HediffDefs>
