﻿<?xml version="1.0" encoding="utf-8" ?>
<Defs>

  <ThingDef>
    <defName>FlyingSpaceshipAirStrike</defName>
    <label>strikeship</label>
    <thingClass>Spaceship.FlyingSpaceshipAirStrike</thingClass>
    <category>Ethereal</category>
    <tickerType>Normal</tickerType>
    <graphicData>
      <texPath>Things/StrikeShip/StrikeShip</texPath>
      <graphicClass>Graphic_Single</graphicClass>
      <drawSize>(11,20)</drawSize>
      <shaderType>CutoutFlying</shaderType>
    </graphicData>
    <size>(1,1)</size> <!-- Minimum size to avoid errors when ship is spawned near map edge -->
    <altitudeLayer>MetaOverlays</altitudeLayer>
    <useHitPoints>false</useHitPoints>
  </ThingDef>

</Defs>