﻿<?xml version="1.0" encoding="utf-8" ?>

<Defs>

  <ThingDef ParentName="BuildingBase" Name="FishingPierSpawnerBase">
    <defName>FishingPierSpawner</defName>
    <label>fishing pier</label>
    <description>A simple and solid fishing pier. Keeps your feet dry while fishing.</description>
    <thingClass>FishIndustry.Building_FishingPierSpawner</thingClass>
    <graphicData>
      <texPath>Things/Building/FishingPierSpawner</texPath>
      <graphicClass>Graphic_Single</graphicClass>
      <drawSize>(3,11)</drawSize>
    </graphicData>
    <uiIconPath>Things/Building/MenuIcon_FishingPierSpawner</uiIconPath>
    <terrainAffordanceNeeded>Light</terrainAffordanceNeeded>
    <altitudeLayer>Building</altitudeLayer>
    <placeWorkers>
      <li>FishIndustry.PlaceWorker_FishingPierSpawner</li>
    </placeWorkers>
    <costList>
      <WoodLog>200</WoodLog>
    </costList>
    <constructEffect>ConstructWood</constructEffect>
    <useHitPoints>true</useHitPoints>
    <statBases>
      <WorkToBuild>5000</WorkToBuild>
      <MaxHitPoints>400</MaxHitPoints>
      <Beauty>20</Beauty>
      <Flammability>1.0</Flammability>
    </statBases>
    <size>(1,1)</size>
    <designationCategory>Production</designationCategory>
    <passability>Standable</passability>
    <hasInteractionCell>True</hasInteractionCell>
    <interactionCellOffset>(0,0,0)</interactionCellOffset>
    <surfaceType>Item</surfaceType>
    <researchPrerequisites>
      <li>ResearchFishingPier</li>
    </researchPrerequisites>
  </ThingDef>

  <ThingDef ParentName="FishingPierSpawnerBase">
    <defName>FishingPierSpawnerOnMud</defName>
    <label>fishing pier (on mud)</label>
    <description>A simple and solid fishing pier. Keeps your feet dry while fishing. Can be built over mud be requires more time and building materials.</description>
    <terrainAffordanceNeeded>Undefined</terrainAffordanceNeeded>
    <costList>
      <WoodLog>300</WoodLog>
    </costList>
    <statBases>
      <WorkToBuild>7500</WorkToBuild>
    </statBases>
  </ThingDef>
  
  <ThingDef ParentName="BuildingBase">
    <defName>FishingPier</defName>
    <label>fishing pier</label>
    <description>A simple and solid fishing pier. Keeps your feet dry while fishing.</description>
    <thingClass>FishIndustry.Building_FishingPier</thingClass>
    <tickerType>Rare</tickerType>
    <soundImpactDefault>BulletImpactWood</soundImpactDefault>
    <graphicData>
      <texPath>Things/Building/FishingPier</texPath>
      <graphicClass>Graphic_Single</graphicClass>
      <drawSize>(3,5)</drawSize>
      <damageData>
        <rect>(0.05,1,5,1)</rect>
      </damageData>
    </graphicData>
    <terrainAffordanceNeeded>Light</terrainAffordanceNeeded>
    <altitudeLayer>Building</altitudeLayer>
    <costList>
      <WoodLog>200</WoodLog>
    </costList>
    <useHitPoints>true</useHitPoints>
    <statBases>
      <MaxHitPoints>400</MaxHitPoints>
      <Beauty>20</Beauty>
      <Flammability>1.0</Flammability>
    </statBases>
    <size>(1,3)</size>
    <passability>Standable</passability>
    <hasInteractionCell>True</hasInteractionCell>
    <interactionCellOffset>(0,0,-1)</interactionCellOffset>
    <surfaceType>Item</surfaceType>
    <comps>
      <li>
        <compClass>CompForbiddable</compClass>
      </li>
    </comps>
  </ThingDef>

</Defs>