﻿<?xml version="1.0" encoding="utf-8" ?>
<Defs>

  <ThingDef Name="BaseBullet" Abstract="True">
    <category>Projectile</category>
    <tickerType>Normal</tickerType>
    <altitudeLayer>Projectile</altitudeLayer>
    <thingClass>Bullet</thingClass>
    <label>bullet</label>
    <useHitPoints>False</useHitPoints>
    <neverMultiSelect>True</neverMultiSelect>
    <graphicData>
      <shaderType>Transparent</shaderType>
    </graphicData>
  </ThingDef>

  <ThingDef ParentName="BaseBullet">
    <defName>GatlingRound</defName>
    <label>gatling round</label>
    <graphicData>
      <texPath>Things/Projectile/Bullet_Small</texPath>
      <graphicClass>Graphic_Single</graphicClass>
    </graphicData>
    <projectile>
      <flyOverhead>true</flyOverhead>
      <damageDef>Bullet</damageDef>
      <damageAmountBase>8</damageAmountBase>
      <speed>120</speed>
      <soundHitThickRoof>ArtilleryHitThickRoof</soundHitThickRoof>
    </projectile>
  </ThingDef>

  <ThingDef ParentName="BaseBullet">
    <defName>AutocannonRound</defName>
    <label>autocannon round</label>
    <thingClass>Projectile_Explosive</thingClass>
    <graphicData>
      <texPath>Things/Projectile/AutocannonRound</texPath>
      <graphicClass>Graphic_Single</graphicClass>
    </graphicData>
    <projectile>
      <flyOverhead>true</flyOverhead>
      <damageDef>Bomb</damageDef>
      <damageAmountBase>18</damageAmountBase>
      <explosionRadius>1.5</explosionRadius>
      <speed>80</speed>
      <soundHitThickRoof>ArtilleryHitThickRoof</soundHitThickRoof>
    </projectile>
  </ThingDef>

  <ThingDef ParentName="BaseBullet">
    <defName>RocketAirstrike</defName>
    <label>rocket</label>
    <thingClass>Projectile_Explosive</thingClass>
    <graphicData>
      <texPath>Things/Projectile/Rocket_Big</texPath>
      <graphicClass>Graphic_Single</graphicClass>
    </graphicData>
    <projectile>
      <flyOverhead>true</flyOverhead>
      <damageDef>Bomb</damageDef>
      <damageAmountBase>40</damageAmountBase>
      <explosionRadius>3</explosionRadius>
      <speed>50</speed>
      <soundHitThickRoof>ArtilleryHitThickRoof</soundHitThickRoof>
    </projectile>
  </ThingDef>

  <ThingDef ParentName="BaseBullet">
    <defName>IncendiaryBomb</defName>
    <label>incendiary bomb</label>
    <thingClass>Projectile_Explosive</thingClass>
    <graphicData>
      <texPath>Things/Projectile/Rocket_Big</texPath>
      <graphicClass>Graphic_Single</graphicClass>
    </graphicData>
    <projectile>
      <flyOverhead>true</flyOverhead>
      <damageDef>Flame</damageDef>
      <damageAmountBase>30</damageAmountBase>
      <explosionRadius>7</explosionRadius>
      <preExplosionSpawnChance>0.6</preExplosionSpawnChance>
      <preExplosionSpawnThingDef>FilthFuel</preExplosionSpawnThingDef>
      <speed>10</speed>
      <soundHitThickRoof>ArtilleryHitThickRoof</soundHitThickRoof>
    </projectile>
  </ThingDef>

</Defs>