﻿<?xml version="1.0" encoding="utf-8" ?>

<Patch>

  <!--<Operation Class="PatchOperationReplace">
    <xpath>*/ThingDef[defName = "ThingDefFishSduiggles_Meat"]/graphicData</xpath>
    <value>
      <graphicData>
        <texPath>Things/Item/Resource/SduigglesTentacle</texPath>
        <graphicClass>Graphic_Single</graphicClass>
      </graphicData>
    </value>
  </Operation>

  <Operation Class="PatchOperationReplace">
    <xpath>*/ThingDef[defName = "ThingDefFishSeasnake_Meat"]/graphicData/texPath</xpath>
    <value>
      <texPath>Things/Item/Resource/SeasnakeFilet</texPath>
    </value>
  </Operation>

  <Operation Class="PatchOperationReplace">
    <xpath>*/ThingDef[defName = "ThingDefFishMashgon_Meat"]/graphicData/texPath</xpath>
    <value>
      <texPath>Things/Item/Resource/MashgonShelled</texPath>
    </value>
  </Operation>

  <Operation Class="PatchOperationReplace">
    <xpath>*/ThingDef[defName = "ThingDefFishBlueblade_Meat"]/graphicData/texPath</xpath>
    <value>
      <texPath>Things/Item/Resource/BluebladeFilet</texPath>
    </value>
  </Operation>

  <Operation Class="PatchOperationReplace">
    <xpath>*/ThingDef[defName = "ThingDefFishTailteeth_Meat"]/graphicData/texPath</xpath>
    <value>
      <texPath>Things/Item/Resource/TailteethSteak</texPath>
    </value>
  </Operation>-->

</Patch>
