﻿<?xml version="1.0" encoding="utf-8" ?>
<Defs>

  <JobDef>
		<defName>JobDef_FishAtFishingPier</defName>
		<driverClass>FishIndustry.JobDriver_FishAtFishingPier</driverClass>
		<reportString>Fishing on pier.</reportString>
    <alwaysShowWeapon>false</alwaysShowWeapon>
	</JobDef>

  <JobDef>
    <defName>JobDef_FishAtFishingZone</defName>
    <driverClass>FishIndustry.JobDriver_FishAtFishingZone</driverClass>
    <reportString>Fishing.</reportString>
    <alwaysShowWeapon>false</alwaysShowWeapon>
  </JobDef>

  <JobDef>
    <defName>JobDef_HarvestAquacultureBasinProduction</defName>
    <driverClass>FishIndustry.JobDriver_HarvestAquacultureBasinProduction</driverClass>
    <reportString>Harvesting TargetA.</reportString>
    <alwaysShowWeapon>false</alwaysShowWeapon>
  </JobDef>

</Defs>