﻿<?xml version="1.0" encoding="utf-8" ?>
<Defs>

  <ThingDef Name="BasePawn" Abstract="True">
    <thingClass>Pawn</thingClass>
    <category>Pawn</category>
    <selectable>true</selectable>
    <tickerType>Normal</tickerType>
    <altitudeLayer>Pawn</altitudeLayer>
    <useHitPoints>false</useHitPoints>
    <hasTooltip>true</hasTooltip>
    <soundImpactDefault>BulletImpactFlesh</soundImpactDefault>
    <statBases>
      <Mass>70</Mass>
    </statBases>
    <inspectorTabs>
      <li>ITab_Pawn_Health</li>
      <li>ITab_Pawn_Needs</li>
      <li>ITab_Pawn_Character</li>
      <li>ITab_Pawn_Training</li>
      <li>ITab_Pawn_Gear</li>
      <li>ITab_Pawn_Guest</li>
      <li>ITab_Pawn_Prisoner</li>
      <li>ITab_Pawn_Social</li>
    </inspectorTabs>
    <comps>
      <li>
        <compClass>CompAttachBase</compClass>
      </li>
    </comps>
    <drawGUIOverlay>true</drawGUIOverlay>
  </ThingDef>

  <ThingDef ParentName="BasePawn" Name="AnimalThingBase" Abstract="True">
    <statBases>
      <Flammability>1.0</Flammability>
      <LeatherAmount>25</LeatherAmount>
    </statBases>
    <race>
      <thinkTreeMain>Animal</thinkTreeMain>
      <thinkTreeConstant>AnimalConstant</thinkTreeConstant>
      <hasGenders>true</hasGenders>
      <nameGenerator>NamerAnimalGenericMale</nameGenerator>
      <nameGeneratorFemale>NamerAnimalGenericFemale</nameGeneratorFemale>
      <manhunterOnDamageChance>0.0125</manhunterOnDamageChance>
      <manhunterOnTameFailChance>0.005</manhunterOnTameFailChance>
      <nameOnNuzzleChance>0.5</nameOnNuzzleChance>
      <hediffGiverSets>
        <li>OrganicStandard</li>
      </hediffGiverSets>
    </race>
    <recipes>
      <li>ExciseCarcinoma</li>
      <li>RemoveBodyPart</li>
      <li>Euthanize</li>
    </recipes>
  </ThingDef>

  <PawnKindDef Name="AnimalKindBase" Abstract="True">
  </PawnKindDef>

  <!--=================== Fishes that can only be fished ===============-->

  <ThingDef ParentName="AnimalThingBase">
    <defName>ThingDefFishSduiggles</defName>
    <label>sduiggles</label>
    <description>Found in the swamps and shallow waters. Behind the appearances, this kind of squid is very affectuous and intelligent. Who would like to fish it? You monster!</description>
    <statBases>
      <MoveSpeed>0.0</MoveSpeed>
      <ComfyTemperatureMin>-5</ComfyTemperatureMin>
      <MarketValue>100</MarketValue>
      <Mass>3</Mass>
    </statBases>
    <verbs>
      <li>
        <verbClass>Verb_MeleeAttack</verbClass>
        <defaultCooldownTime>2.5</defaultCooldownTime>
        <meleeDamageBaseAmount>8</meleeDamageBaseAmount>
        <meleeDamageDef>ToxicBite</meleeDamageDef>
        <linkedBodyPartsGroup>Mouth</linkedBodyPartsGroup>
        <surpriseAttack>
          <extraMeleeDamages>
            <li>
              <def>Stun</def>
              <amount>12</amount>
            </li>
          </extraMeleeDamages>
        </surpriseAttack>
      </li>
    </verbs>
    <race>
      <body>Squid</body>
      <predator>true</predator>
      <maxPreyBodySize>0.35</maxPreyBodySize>
      <baseBodySize>0.20</baseBodySize>
      <baseHealthScale>0.30</baseHealthScale>
      <baseHungerRate>0.07</baseHungerRate>
      <baseHealthScale>0.4</baseHealthScale>
      <foodType>CarnivoreAnimal</foodType>
      <leatherColor>(74,140,140)</leatherColor>
      <leatherInsulation>0.3</leatherInsulation>
      <meatLabel>sduiggles tentacles</meatLabel>
      <wildness>0.25</wildness>
      <manhunterOnTameFailChance>0.005</manhunterOnTameFailChance>
      <manhunterOnDamageChance>0.25</manhunterOnDamageChance>
      <gestationPeriodDays>22.0</gestationPeriodDays>
      <nameOnTameChance>1</nameOnTameChance>
      <litterSizeCurve>
        <points>
          <li>(0.5, 0)</li>
          <li>(1, 1)</li>
          <li>(3, 1)</li>
          <li>(3.5, 0)</li>
        </points>
      </litterSizeCurve>
      <lifeExpectancy>4</lifeExpectancy>
      <lifeStageAges>
        <li>
          <def>AnimalBaby</def>
          <minAge>0</minAge>
        </li>
        <li>
          <def>AnimalJuvenile</def>
          <minAge>0.25</minAge>
        </li>
        <li>
          <def>AnimalAdult</def>
          <minAge>0.8</minAge>
          <soundWounded>Pawn_Cobra_Wounded</soundWounded>
          <soundDeath>Pawn_Cobra_Death</soundDeath>
          <soundCall>Pawn_Cobra_Call</soundCall>
          <soundAngry>Pawn_Cobra_Angry</soundAngry>
        </li>
      </lifeStageAges>
      <soundMeleeHitPawn>Pawn_Melee_SmallScratch_HitPawn</soundMeleeHitPawn>
      <soundMeleeHitBuilding>Pawn_Melee_SmallScratch_HitBuilding</soundMeleeHitBuilding>
      <soundMeleeMiss>Pawn_Melee_SmallScratch_Miss</soundMeleeMiss>
    </race>
    <tradeTags>
    </tradeTags>
  </ThingDef>

  <PawnKindDef ParentName="AnimalKindBase" Class="FishIndustry.PawnKindDef_FishSpecies">
    <defName>PawnKindDefFishSduiggles</defName>
    <label>sduiggles</label>
    <race>ThingDefFishSduiggles</race>
    <combatPower>30</combatPower>
    <wildSpawn_spawnWild>false</wildSpawn_spawnWild>
    <wildSpawn_EcoSystemWeight>0.2</wildSpawn_EcoSystemWeight>
    <lifeStages>
      <li>
        <bodyGraphicData>
          <texPath>Things/Pawn/Animal/Fish/Sduiggles</texPath>
          <drawSize>0.5</drawSize>
        </bodyGraphicData>
        <dessicatedBodyGraphicData>
          <texPath>Things/Pawn/Animal/Dessicated/CritterDessicatedSnake</texPath>
          <drawSize>0.5</drawSize>
        </dessicatedBodyGraphicData>
      </li>
      <li>
        <bodyGraphicData>
          <texPath>Things/Pawn/Animal/Fish/Sduiggles</texPath>
          <drawSize>0.75</drawSize>
        </bodyGraphicData>
        <dessicatedBodyGraphicData>
          <texPath>Things/Pawn/Animal/Dessicated/CritterDessicatedSnake</texPath>
          <drawSize>0.75</drawSize>
        </dessicatedBodyGraphicData>
      </li>
      <li>
        <bodyGraphicData>
          <texPath>Things/Pawn/Animal/Fish/Sduiggles</texPath>
          <drawSize>1.0</drawSize>
        </bodyGraphicData>
        <dessicatedBodyGraphicData>
          <texPath>Things/Pawn/Animal/Dessicated/CritterDessicatedSnake</texPath>
          <drawSize>1.0</drawSize>
        </dessicatedBodyGraphicData>
      </li>
    </lifeStages>

    <livesInSea>true</livesInSea>
    <livesInMarsh>true</livesInMarsh>
    <catchableDuringDay>true</catchableDuringDay>
    <catchableDuringNight>true</catchableDuringNight>
    <commonality>0.2</commonality>
  </PawnKindDef>

  <ThingDef ParentName="AnimalThingBase">
    <defName>ThingDefFishSeasnake</defName>
    <label>seasnake</label>
    <description>Often mistaken for its wild tailteeth cousin, this peaceful fish is often caught during moonless nights.</description>
    <statBases>
      <MoveSpeed>0.0</MoveSpeed>
      <ComfyTemperatureMin>-10</ComfyTemperatureMin>
      <MarketValue>80</MarketValue>
      <Mass>4</Mass>
    </statBases>
    <verbs>
      <li>
        <verbClass>Verb_MeleeAttack</verbClass>
        <defaultCooldownTime>1.5</defaultCooldownTime>
        <meleeDamageBaseAmount>6</meleeDamageBaseAmount>
        <meleeDamageDef>Scratch</meleeDamageDef>
        <linkedBodyPartsGroup>Mouth</linkedBodyPartsGroup>
        <surpriseAttack>
          <extraMeleeDamages>
            <li>
              <def>Stun</def>
              <amount>9</amount>
            </li>
          </extraMeleeDamages>
        </surpriseAttack>
      </li>
    </verbs>
    <race>
      <body>Fish</body>
      <predator>false</predator>
      <baseBodySize>0.30</baseBodySize>
      <baseHealthScale>0.35</baseHealthScale>
      <baseHungerRate>0.07</baseHungerRate>
      <baseHealthScale>0.4</baseHealthScale>
      <foodType>OmnivoreAnimal</foodType>
      <leatherColor>(26,47,61)</leatherColor>
      <leatherInsulation>1.0</leatherInsulation>
      <meatLabel>seasnake filet</meatLabel>
      <wildness>0.5</wildness>
      <manhunterOnTameFailChance>0.015</manhunterOnTameFailChance>
      <manhunterOnDamageChance>0.75</manhunterOnDamageChance>
      <gestationPeriodDays>5.0</gestationPeriodDays>
      <nameOnTameChance>0.15</nameOnTameChance>
      <litterSizeCurve>
        <points>
          <li>(0.5, 0)</li>
          <li>(1, 1)</li>
          <li>(3, 1)</li>
          <li>(3.5, 0)</li>
        </points>
      </litterSizeCurve>
      <lifeExpectancy>15</lifeExpectancy>
      <lifeStageAges>
        <li>
          <def>AnimalBaby</def>
          <minAge>0</minAge>
        </li>
        <li>
          <def>AnimalJuvenile</def>
          <minAge>1</minAge>
        </li>
        <li>
          <def>AnimalAdult</def>
          <minAge>3</minAge>
          <soundWounded>Pawn_Cobra_Wounded</soundWounded>
          <soundDeath>Pawn_Cobra_Death</soundDeath>
          <soundCall>Pawn_Cobra_Call</soundCall>
          <soundAngry>Pawn_Cobra_Angry</soundAngry>
        </li>
      </lifeStageAges>
      <soundMeleeHitPawn>Pawn_Melee_SmallScratch_HitPawn</soundMeleeHitPawn>
      <soundMeleeHitBuilding>Pawn_Melee_SmallScratch_HitBuilding</soundMeleeHitBuilding>
      <soundMeleeMiss>Pawn_Melee_SmallScratch_Miss</soundMeleeMiss>
    </race>
    <tradeTags>
    </tradeTags>
  </ThingDef>

  <PawnKindDef ParentName="AnimalKindBase" Class="FishIndustry.PawnKindDef_FishSpecies">
    <defName>PawnKindDefFishSeasnake</defName>
    <label>seasnake</label>
    <race>ThingDefFishSeasnake</race>
    <combatPower>20</combatPower>
    <wildSpawn_spawnWild>false</wildSpawn_spawnWild>
    <wildSpawn_EcoSystemWeight>0.75</wildSpawn_EcoSystemWeight>
    <lifeStages>
      <li>
        <bodyGraphicData>
          <texPath>Things/Pawn/Animal/Fish/Seasnake</texPath>
          <drawSize>0.5</drawSize>
        </bodyGraphicData>
        <dessicatedBodyGraphicData>
          <texPath>Things/Pawn/Animal/Dessicated/CritterDessicatedSnake</texPath>
          <drawSize>0.5</drawSize>
        </dessicatedBodyGraphicData>
      </li>
      <li>
        <bodyGraphicData>
          <texPath>Things/Pawn/Animal/Fish/Seasnake</texPath>
          <drawSize>0.75</drawSize>
        </bodyGraphicData>
        <dessicatedBodyGraphicData>
          <texPath>Things/Pawn/Animal/Dessicated/CritterDessicatedSnake</texPath>
          <drawSize>0.75</drawSize>
        </dessicatedBodyGraphicData>
      </li>
      <li>
        <bodyGraphicData>
          <texPath>Things/Pawn/Animal/Fish/Seasnake</texPath>
          <drawSize>1.0</drawSize>
        </bodyGraphicData>
        <dessicatedBodyGraphicData>
          <texPath>Things/Pawn/Animal/Dessicated/CritterDessicatedSnake</texPath>
          <drawSize>1.0</drawSize>
        </dessicatedBodyGraphicData>
      </li>
    </lifeStages>

    <livesInSea>true</livesInSea>
    <catchableDuringNight>true</catchableDuringNight>
    <commonality>0.75</commonality>
  </PawnKindDef>

  <!--=================== Fishes that can be bred ===============-->

  <ThingDef ParentName="AnimalThingBase">
    <defName>ThingDefFishMashgon</defName>
    <label>mashgon</label>
    <description>A medium shellfish often found in the swamps and marshes. Its name comes from the local tribespeople calling it "marsh dragon". Easy to catch and fast to breed, this is a good basic protein source. Not really nourishing but really tasty, it can be grilled for a better flavour.</description>
    <statBases>
      <MoveSpeed>0.0</MoveSpeed>
      <ComfyTemperatureMin>-20</ComfyTemperatureMin>
      <MarketValue>50</MarketValue>
      <Mass>2</Mass>
    </statBases>
    <verbs>
      <li>
        <verbClass>Verb_MeleeAttack</verbClass>
        <defaultCooldownTime>1.5</defaultCooldownTime>
        <meleeDamageBaseAmount>8</meleeDamageBaseAmount>
        <meleeDamageDef>Scratch</meleeDamageDef>
        <linkedBodyPartsGroup>Mouth</linkedBodyPartsGroup>
        <surpriseAttack>
          <extraMeleeDamages>
            <li>
              <def>Stun</def>
              <amount>10</amount>
            </li>
          </extraMeleeDamages>
        </surpriseAttack>
      </li>
    </verbs>
    <race>
      <body>Fish</body>
      <predator>true</predator>
      <maxPreyBodySize>0.20</maxPreyBodySize>
      <baseBodySize>0.15</baseBodySize>
      <baseHealthScale>0.45</baseHealthScale>
      <baseHungerRate>0.07</baseHungerRate>
      <baseHealthScale>0.4</baseHealthScale>
      <foodType>OmnivoreAnimal</foodType>
      <leatherColor>(221,123,23)</leatherColor>
      <leatherInsulation>0.7</leatherInsulation>
      <meatLabel>shelled mashgon</meatLabel>
      <meatColor>(221,123,23)</meatColor>
      <wildness>0.75</wildness>
      <manhunterOnTameFailChance>0.03</manhunterOnTameFailChance>
      <manhunterOnDamageChance>0.85</manhunterOnDamageChance>
      <gestationPeriodDays>2.0</gestationPeriodDays>
      <nameOnTameChance>0.05</nameOnTameChance>
      <litterSizeCurve>
        <points>
          <li>(0.5, 0)</li>
          <li>(1, 1)</li>
          <li>(3, 1)</li>
          <li>(3.5, 0)</li>
        </points>
      </litterSizeCurve>
      <lifeExpectancy>3</lifeExpectancy>
      <lifeStageAges>
        <li>
          <def>AnimalBaby</def>
          <minAge>0</minAge>
        </li>
        <li>
          <def>AnimalJuvenile</def>
          <minAge>0.25</minAge>
        </li>
        <li>
          <def>AnimalAdult</def>
          <minAge>0.5</minAge>
          <soundWounded>Pawn_Cobra_Wounded</soundWounded>
          <soundDeath>Pawn_Cobra_Death</soundDeath>
          <soundCall>Pawn_Cobra_Call</soundCall>
          <soundAngry>Pawn_Cobra_Angry</soundAngry>
        </li>
      </lifeStageAges>
      <soundMeleeHitPawn>Pawn_Melee_SmallScratch_HitPawn</soundMeleeHitPawn>
      <soundMeleeHitBuilding>Pawn_Melee_SmallScratch_HitBuilding</soundMeleeHitBuilding>
      <soundMeleeMiss>Pawn_Melee_SmallScratch_Miss</soundMeleeMiss>
    </race>
    <tradeTags>
    </tradeTags>
  </ThingDef>

  <PawnKindDef ParentName="AnimalKindBase" Class="FishIndustry.PawnKindDef_FishSpecies">
    <defName>PawnKindDefFishMashgon</defName>
    <label>mashgon</label>
    <race>ThingDefFishMashgon</race>
    <combatPower>25</combatPower>
    <wildSpawn_spawnWild>false</wildSpawn_spawnWild>
    <wildSpawn_EcoSystemWeight>0.80</wildSpawn_EcoSystemWeight>
    <lifeStages>
      <li>
        <bodyGraphicData>
          <texPath>Things/Pawn/Animal/Fish/Mashgon</texPath>
          <drawSize>0.5</drawSize>
        </bodyGraphicData>
        <dessicatedBodyGraphicData>
          <texPath>Things/Pawn/Animal/Dessicated/CritterDessicatedSnake</texPath>
          <drawSize>0.5</drawSize>
        </dessicatedBodyGraphicData>
      </li>
      <li>
        <bodyGraphicData>
          <texPath>Things/Pawn/Animal/Fish/Mashgon</texPath>
          <drawSize>0.75</drawSize>
        </bodyGraphicData>
        <dessicatedBodyGraphicData>
          <texPath>Things/Pawn/Animal/Dessicated/CritterDessicatedSnake</texPath>
          <drawSize>0.75</drawSize>
        </dessicatedBodyGraphicData>
      </li>
      <li>
        <bodyGraphicData>
          <texPath>Things/Pawn/Animal/Fish/Mashgon</texPath>
          <drawSize>1.0</drawSize>
        </bodyGraphicData>
        <dessicatedBodyGraphicData>
          <texPath>Things/Pawn/Animal/Dessicated/CritterDessicatedSnake</texPath>
          <drawSize>1.0</drawSize>
        </dessicatedBodyGraphicData>
      </li>
    </lifeStages>

    <livesInMarsh>true</livesInMarsh>
    <catchableDuringDay>true</catchableDuringDay>
    <catchableDuringNight>true</catchableDuringNight>
    <commonality>0.80</commonality>
    <breedQuantity>20</breedQuantity>
    <breedingDurationInDays>2</breedingDurationInDays>
  </PawnKindDef>

  <ThingDef ParentName="AnimalThingBase">
    <defName>ThingDefFishBlueblade</defName>
    <label>blueblade</label>
    <description>A very common fish found in shallow water. Its name comes from its resilience: it is able to live both in hot blue lagoons or in icy blue waters.</description>
    <statBases>
      <MoveSpeed>0.0</MoveSpeed>
      <ComfyTemperatureMin>-5</ComfyTemperatureMin>
      <MarketValue>80</MarketValue>
      <Mass>4</Mass>
    </statBases>
    <verbs>
      <li>
        <verbClass>Verb_MeleeAttack</verbClass>
        <defaultCooldownTime>1.5</defaultCooldownTime>
        <meleeDamageBaseAmount>5</meleeDamageBaseAmount>
        <meleeDamageDef>Scratch</meleeDamageDef>
        <linkedBodyPartsGroup>Mouth</linkedBodyPartsGroup>
        <surpriseAttack>
          <extraMeleeDamages>
            <li>
              <def>Stun</def>
              <amount>7</amount>
            </li>
          </extraMeleeDamages>
        </surpriseAttack>
      </li>
    </verbs>
    <race>
      <body>Fish</body>
      <predator>false</predator>
      <baseBodySize>0.20</baseBodySize>
      <baseHealthScale>0.35</baseHealthScale>
      <baseHungerRate>0.07</baseHungerRate>
      <baseHealthScale>0.4</baseHealthScale>
      <foodType>OmnivoreAnimal</foodType>
      <leatherColor>(56,114,190)</leatherColor>
      <leatherInsulation>1.2</leatherInsulation>
      <meatLabel>blueblade filet</meatLabel>
      <wildness>0.25</wildness>
      <manhunterOnTameFailChance>0.015</manhunterOnTameFailChance>
      <manhunterOnDamageChance>0.15</manhunterOnDamageChance>
      <gestationPeriodDays>4.0</gestationPeriodDays>
      <nameOnTameChance>0.05</nameOnTameChance>
      <litterSizeCurve>
        <points>
          <li>(0.5, 0)</li>
          <li>(1, 1)</li>
          <li>(3, 1)</li>
          <li>(3.5, 0)</li>
        </points>
      </litterSizeCurve>
      <lifeExpectancy>15</lifeExpectancy>
      <lifeStageAges>
        <li>
          <def>AnimalBaby</def>
          <minAge>0</minAge>
        </li>
        <li>
          <def>AnimalJuvenile</def>
          <minAge>1</minAge>
        </li>
        <li>
          <def>AnimalAdult</def>
          <minAge>3</minAge>
          <soundWounded>Pawn_Cobra_Wounded</soundWounded>
          <soundDeath>Pawn_Cobra_Death</soundDeath>
          <soundCall>Pawn_Cobra_Call</soundCall>
          <soundAngry>Pawn_Cobra_Angry</soundAngry>
        </li>
      </lifeStageAges>
      <soundMeleeHitPawn>Pawn_Melee_SmallScratch_HitPawn</soundMeleeHitPawn>
      <soundMeleeHitBuilding>Pawn_Melee_SmallScratch_HitBuilding</soundMeleeHitBuilding>
      <soundMeleeMiss>Pawn_Melee_SmallScratch_Miss</soundMeleeMiss>
    </race>
    <tradeTags>
    </tradeTags>
  </ThingDef>

  <PawnKindDef ParentName="AnimalKindBase" Class="FishIndustry.PawnKindDef_FishSpecies">
    <defName>PawnKindDefFishBlueblade</defName>
    <label>blueblade</label>
    <race>ThingDefFishBlueblade</race>
    <combatPower>20</combatPower>
    <wildSpawn_spawnWild>false</wildSpawn_spawnWild>
    <wildSpawn_EcoSystemWeight>0.75</wildSpawn_EcoSystemWeight>
    <lifeStages>
      <li>
        <bodyGraphicData>
          <texPath>Things/Pawn/Animal/Fish/Blueblade</texPath>
          <drawSize>0.5</drawSize>
        </bodyGraphicData>
        <dessicatedBodyGraphicData>
          <texPath>Things/Pawn/Animal/Dessicated/CritterDessicatedSnake</texPath>
          <drawSize>0.5</drawSize>
        </dessicatedBodyGraphicData>
      </li>
      <li>
        <bodyGraphicData>
          <texPath>Things/Pawn/Animal/Fish/Blueblade</texPath>
          <drawSize>0.75</drawSize>
        </bodyGraphicData>
        <dessicatedBodyGraphicData>
          <texPath>Things/Pawn/Animal/Dessicated/CritterDessicatedSnake</texPath>
          <drawSize>0.75</drawSize>
        </dessicatedBodyGraphicData>
      </li>
      <li>
        <bodyGraphicData>
          <texPath>Things/Pawn/Animal/Fish/Blueblade</texPath>
          <drawSize>1.0</drawSize>
        </bodyGraphicData>
        <dessicatedBodyGraphicData>
          <texPath>Things/Pawn/Animal/Dessicated/CritterDessicatedSnake</texPath>
          <drawSize>1.0</drawSize>
        </dessicatedBodyGraphicData>
      </li>
    </lifeStages>

    <livesInSea>true</livesInSea>
    <catchableDuringDay>true</catchableDuringDay>
    <commonality>0.75</commonality>
    <breedQuantity>48</breedQuantity>
    <breedingDurationInDays>4</breedingDurationInDays>
  </PawnKindDef>

  <ThingDef ParentName="AnimalThingBase">
    <defName>ThingDefFishTailteeth</defName>
    <label>tailteeth</label>
    <description>This ferocious predator owns its name to its vicious tactics. Slowly approaching its unaware drinking preys, it uses its massive tail to attract them into deep water. The teeth is generaly the last vision you can get from this terrible creature.</description>
    <statBases>
      <MoveSpeed>0.0</MoveSpeed>
      <ComfyTemperatureMin>-10</ComfyTemperatureMin>
      <MarketValue>500</MarketValue>
      <Mass>120</Mass>
    </statBases>
    <verbs>
      <li>
        <verbClass>Verb_MeleeAttack</verbClass>
        <defaultCooldownTime>1.5</defaultCooldownTime>
        <meleeDamageBaseAmount>6</meleeDamageBaseAmount>
        <meleeDamageDef>Scratch</meleeDamageDef>
        <linkedBodyPartsGroup>Mouth</linkedBodyPartsGroup>
        <surpriseAttack>
          <extraMeleeDamages>
            <li>
              <def>Stun</def>
              <amount>9</amount>
            </li>
          </extraMeleeDamages>
        </surpriseAttack>
      </li>
    </verbs>
    <race>
      <body>Fish</body>
      <predator>true</predator>
      <maxPreyBodySize>1.8</maxPreyBodySize>
      <baseBodySize>1.3</baseBodySize>
      <baseHealthScale>1.5</baseHealthScale>
      <baseHungerRate>0.07</baseHungerRate>
      <baseHealthScale>0.4</baseHealthScale>
      <foodType>CarnivoreAnimal</foodType>
      <leatherColor>(59,86,49)</leatherColor>
      <leatherInsulation>1.5</leatherInsulation>
      <meatLabel>tailteeth steak</meatLabel>
      <wildness>0.95</wildness>
      <manhunterOnTameFailChance>0.05</manhunterOnTameFailChance>
      <manhunterOnDamageChance>1</manhunterOnDamageChance>
      <gestationPeriodDays>25.0</gestationPeriodDays>
      <nameOnTameChance>0.75</nameOnTameChance>
      <litterSizeCurve>
        <points>
          <li>(0.5, 0)</li>
          <li>(1, 1)</li>
          <li>(3, 1)</li>
          <li>(3.5, 0)</li>
        </points>
      </litterSizeCurve>
      <lifeExpectancy>15</lifeExpectancy>
      <lifeStageAges>
        <li>
          <def>AnimalBaby</def>
          <minAge>0</minAge>
        </li>
        <li>
          <def>AnimalJuvenile</def>
          <minAge>2</minAge>
        </li>
        <li>
          <def>AnimalAdult</def>
          <minAge>6</minAge>
          <soundWounded>Pawn_Cobra_Wounded</soundWounded>
          <soundDeath>Pawn_Cobra_Death</soundDeath>
          <soundCall>Pawn_Cobra_Call</soundCall>
          <soundAngry>Pawn_Cobra_Angry</soundAngry>
        </li>
      </lifeStageAges>
      <soundMeleeHitPawn>Pawn_Melee_SmallScratch_HitPawn</soundMeleeHitPawn>
      <soundMeleeHitBuilding>Pawn_Melee_SmallScratch_HitBuilding</soundMeleeHitBuilding>
      <soundMeleeMiss>Pawn_Melee_SmallScratch_Miss</soundMeleeMiss>
    </race>
    <tradeTags>
    </tradeTags>
  </ThingDef>

  <PawnKindDef ParentName="AnimalKindBase" Class="FishIndustry.PawnKindDef_FishSpecies">
    <defName>PawnKindDefFishTailteeth</defName>
    <label>tailteeth</label>
    <race>ThingDefFishTailteeth</race>
    <combatPower>160</combatPower>
    <wildSpawn_spawnWild>false</wildSpawn_spawnWild>
    <wildSpawn_EcoSystemWeight>0.05</wildSpawn_EcoSystemWeight>
    <lifeStages>
      <li>
        <bodyGraphicData>
          <texPath>Things/Pawn/Animal/Fish/Tailteeth</texPath>
          <drawSize>0.5</drawSize>
        </bodyGraphicData>
        <dessicatedBodyGraphicData>
          <texPath>Things/Pawn/Animal/Dessicated/CritterDessicatedSnake</texPath>
          <drawSize>0.5</drawSize>
        </dessicatedBodyGraphicData>
      </li>
      <li>
        <bodyGraphicData>
          <texPath>Things/Pawn/Animal/Fish/Tailteeth</texPath>
          <drawSize>0.75</drawSize>
        </bodyGraphicData>
        <dessicatedBodyGraphicData>
          <texPath>Things/Pawn/Animal/Dessicated/CritterDessicatedSnake</texPath>
          <drawSize>0.75</drawSize>
        </dessicatedBodyGraphicData>
      </li>
      <li>
        <bodyGraphicData>
          <texPath>Things/Pawn/Animal/Fish/Tailteeth</texPath>
          <drawSize>1.0</drawSize>
        </bodyGraphicData>
        <dessicatedBodyGraphicData>
          <texPath>Things/Pawn/Animal/Dessicated/CritterDessicatedSnake</texPath>
          <drawSize>1.0</drawSize>
        </dessicatedBodyGraphicData>
      </li>
    </lifeStages>

    <livesInSea>true</livesInSea>
    <catchableDuringDay>true</catchableDuringDay>
    <catchableDuringNight>true</catchableDuringNight>
    <commonality>0.05</commonality>
    <breedQuantity>150</breedQuantity>
    <breedingDurationInDays>10</breedingDurationInDays>
  </PawnKindDef>

</Defs>