﻿<?xml version="1.0" encoding="utf-8" ?>
<ThingDefs>

  <ThingDef>
    <defName>CaveWell</defName>
    <label>cave well</label>
    <description>Natural chimney leading to the surface or another cave layer.</description>
    <thingClass>Building</thingClass>
    <graphicData>
      <texPath>Things/Building/DummyTexture</texPath>
      <graphicClass>Graphic_Single</graphicClass>
    </graphicData>
    <altitudeLayer>Building</altitudeLayer>
    <passability>Standable</passability>
    <blockWind>false</blockWind>
    <castEdgeShadows>false</castEdgeShadows>
    <fillPercent>0</fillPercent>
    <coversFloor>false</coversFloor>
    <statBases>
      <Flammability>0.0</Flammability>
    </statBases>
    <rotatable>false</rotatable>
    <holdsRoof>false</holdsRoof>
    <staticSunShadowHeight>0.0</staticSunShadowHeight>
    <blockLight>false</blockLight>
    <mineable>false</mineable>
    <useHitPoints>false</useHitPoints>
    <building>
      <isInert>true</isInert>
      <isEdifice>false</isEdifice>
      <deconstructible>false</deconstructible>
      <claimable>false</claimable>
    </building>
    <comps>
      <li Class="CompProperties_Glower">
        <overlightRadius>2.0</overlightRadius>
        <glowRadius>2.0</glowRadius>
        <glowColor>(370,370,370,0)</glowColor>
      </li>
    </comps>
  </ThingDef>

</ThingDefs>