﻿<?xml version="1.0" encoding="utf-8" ?>
<ThingDefs>

  <ThingDef Name="BuildingNaturalBase" Abstract="True">
    <category>Building</category>
    <selectable>true</selectable>
    <drawerType>MapMeshOnly</drawerType>
    <filthLeaving>RockRubble</filthLeaving>
  </ThingDef>

  <ThingDef>
    <defName>CaveRoof</defName>
    <label>cave roof</label>
    <description>A very high cave roof. It blocks anything coming from the surface.</description>
    <thingClass>Building</thingClass>
    <graphicData>
      <texPath>Things/Building/DummyTexture</texPath>
      <graphicClass>Graphic_Single</graphicClass>
    </graphicData>
    <altitudeLayer>Building</altitudeLayer>
    <passability>Standable</passability>
    <blockWind>false</blockWind>
    <castEdgeShadows>false</castEdgeShadows>
    <fillPercent>0</fillPercent>
    <coversFloor>false</coversFloor>
    <statBases>
      <Flammability>0.0</Flammability>
    </statBases>
    <rotatable>false</rotatable>
    <holdsRoof>false</holdsRoof>
    <staticSunShadowHeight>0.0</staticSunShadowHeight>
    <blockLight>false</blockLight>
    <mineable>false</mineable>
    <useHitPoints>false</useHitPoints>
    <building>
      <isInert>true</isInert>
      <isEdifice>false</isEdifice>
      <deconstructible>false</deconstructible>
      <claimable>false</claimable>
    </building>
  </ThingDef>

</ThingDefs>