﻿<?xml version="1.0" encoding="utf-8" ?>
<WeatherDefs>

  <WeatherDef>
    <defName>CaveCalm</defName>
    <label>calm</label>
    <description>A calm cave moment. No penalties or modifiers.</description>
    <windSpeedFactor>1.0</windSpeedFactor>
    <repeatable>true</repeatable>
    <favorability>Good</favorability>
    <ambientSounds>
      <li>AmbientWind_Clear</li>
    </ambientSounds>   
    <!-- Colors are Clear -->
    <skyColorsDay>
      <sky>(0.482,0.603,0.682)</sky>
      <shadow>(0.85, 0.85, 0.85)</shadow>
      <overlay>(0.6,0.6,0.6)</overlay>
      <saturation>1.25</saturation>
    </skyColorsDay>
    <skyColorsDusk>
      <sky>(0.482,0.603,0.682)</sky>
      <shadow>(0.85, 0.85, 0.85)</shadow>
      <overlay>(0.6,0.6,0.6)</overlay>
      <saturation>1.25</saturation>
    </skyColorsDusk>
    <skyColorsNightEdge>
      <sky>(0.482,0.603,0.682)</sky>
      <shadow>(0.85, 0.85, 0.85)</shadow>
      <overlay>(0.6,0.6,0.6)</overlay>
      <saturation>1.25</saturation>
    </skyColorsNightEdge>
    <skyColorsNightMid>
      <sky>(0.482,0.603,0.682)</sky>
      <shadow>(0.85, 0.85, 0.85)</shadow>
      <overlay>(0.6,0.6,0.6)</overlay>
      <saturation>1.25</saturation>
    </skyColorsNightMid>
  </WeatherDef>

  <WeatherDef>
    <defName>CaveFog</defName>
    <label>fog</label>
    <description>Fog reduces the accuracy of ranged weapons. As if darkness was not enough...</description>
    <windSpeedFactor>0.6</windSpeedFactor>
    <accuracyMultiplier>0.5</accuracyMultiplier>
    <favorability>Neutral</favorability>
    <ambientSounds>
      <li>AmbientWind_Fog</li>
    </ambientSounds>
    <overlayClasses>
      <li>WeatherOverlay_Fog</li>
    </overlayClasses>
    <commonalityRainfallFactor>
      <points>
        <li>(0, 0)</li>
        <li>(1300, 1)</li>
      </points>
    </commonalityRainfallFactor>    
    <!-- Colors are Overcast -->
    <skyColorsDay>
      <sky>(1,1,1)</sky>
      <shadow>(0.92,0.92,0.92)</shadow>
      <overlay>(0.6,0.6,0.6)</overlay>
      <saturation>0.9</saturation>
    </skyColorsDay>
    <skyColorsDusk>
      <sky>(1,1,1)</sky>
      <shadow>(0.92,0.92,0.92)</shadow>
      <overlay>(0.6,0.6,0.6)</overlay>
      <saturation>0.9</saturation>
    </skyColorsDusk>
    <skyColorsNightEdge>
      <sky>(1,1,1)</sky>
      <shadow>(0.92,0.92,0.92)</shadow>
      <overlay>(0.6,0.6,0.6)</overlay>
      <saturation>0.9</saturation>
    </skyColorsNightEdge>
    <skyColorsNightMid>
      <sky>(1,1,1)</sky>
      <shadow>(0.92,0.92,0.92)</shadow>
      <overlay>(0.6,0.6,0.6)</overlay>
      <saturation>0.9</saturation>
    </skyColorsNightMid>
  </WeatherDef>

  <WeatherDef>
    <defName>CaveStorm</defName>
    <label>cave storm</label>
    <description>Cave storm happen when large surface tempest occur. The powerful winds will slow down people a lot.</description>
    <temperatureRange>
      <min>0</min>
      <max>999</max>
    </temperatureRange>
    <windSpeedFactor>3.0</windSpeedFactor>
    <moveSpeedMultiplier>0.8</moveSpeedMultiplier>
    <favorability>VeryBad</favorability>
    <ambientSounds>
      <li>AmbientWind_Storm</li>
    </ambientSounds>
    <durationRange>
      <min>15000</min>
      <max>40000</max>
    </durationRange>
    <!-- Colors are Overcast -->
    <skyColorsDay>
      <sky>(0.35,0.40,0.45)</sky>
      <shadow>(0.92,0.92,0.92)</shadow>
      <overlay>(0.5,0.5,0.5)</overlay>
      <saturation>0.9</saturation>
    </skyColorsDay>
    <skyColorsDusk>
      <sky>(0.35,0.40,0.45)</sky>
      <shadow>(0.92,0.92,0.92)</shadow>
      <overlay>(0.5,0.5,0.5)</overlay>
      <saturation>0.9</saturation>
    </skyColorsDusk>
    <skyColorsNightEdge>
      <sky>(0.35,0.40,0.45)</sky>
      <shadow>(0.92,0.92,0.92)</shadow>
      <overlay>(0.5,0.5,0.5)</overlay>
      <saturation>0.9</saturation>
    </skyColorsNightEdge>
    <skyColorsNightMid>
      <sky>(0.35,0.40,0.45)</sky>
      <shadow>(0.92,0.92,0.92)</shadow>
      <overlay>(0.5,0.5,0.5)</overlay>
      <saturation>0.9</saturation>
    </skyColorsNightMid>
  </WeatherDef>

  <WeatherDef>
    <defName>CaveHardSnow</defName>
    <label>hard snow</label>
    <description>Snow reduces the accuracy of ranged weapons, extinguishes fire, and slows people down.</description>
    <temperatureRange>
      <min>-999</min>
      <max>-0.5</max>
    </temperatureRange>
    <snowRate>1.5</snowRate>
    <windSpeedFactor>2.5</windSpeedFactor>
    <accuracyMultiplier>0.8</accuracyMultiplier>
    <favorability>Neutral</favorability>
    <rainRate>1</rainRate>
    <moveSpeedMultiplier>0.8</moveSpeedMultiplier>
    <commonalityRainfallFactor>
      <points>
        <li>(0, 0)</li>
        <li>(300,0.5)</li>
        <li>(1300, 1)</li>
      </points>
    </commonalityRainfallFactor>
    <ambientSounds>
      <li>AmbientWind_Storm</li>
    </ambientSounds>
    <overlayClasses>
      <li>WeatherOverlay_SnowHard</li>
    </overlayClasses>
    <!-- Colors are Overcast -->
    <skyColorsDay>
      <sky>(0.35,0.40,0.45)</sky>
      <shadow>(0.92,0.92,0.92)</shadow>
      <overlay>(0.5,0.5,0.5)</overlay>
      <saturation>0.9</saturation>
    </skyColorsDay>
    <skyColorsDusk>
      <sky>(0.35,0.40,0.45)</sky>
      <shadow>(0.92,0.92,0.92)</shadow>
      <overlay>(0.5,0.5,0.5)</overlay>
      <saturation>0.9</saturation>
    </skyColorsDusk>
    <skyColorsNightEdge>
      <sky>(0.35,0.40,0.45)</sky>
      <shadow>(0.92,0.92,0.92)</shadow>
      <overlay>(0.5,0.5,0.5)</overlay>
      <saturation>0.9</saturation>
    </skyColorsNightEdge>
    <skyColorsNightMid>
      <sky>(0.35,0.40,0.45)</sky>
      <shadow>(0.92,0.92,0.92)</shadow>
      <overlay>(0.5,0.5,0.5)</overlay>
      <saturation>0.9</saturation>
    </skyColorsNightMid>
  </WeatherDef>

</WeatherDefs>








