﻿<?xml version="1.0" encoding="utf-8" ?>
<Defs>

  <ThingDef Name="MinifiedBase" Abstract="True">
    <thingClass>MinifiedThing</thingClass>
    <category>Item</category>
    <useHitPoints>true</useHitPoints>
    <selectable>true</selectable>
    <altitudeLayer>Item</altitudeLayer>
    <scatterableOnMapGen>false</scatterableOnMapGen>
    <!-- for CompForbiddable -->
    <drawerType>RealtimeOnly</drawerType>
    <comps>
      <li Class="CompProperties_Forbiddable"/>
    </comps>
    <alwaysHaulable>true</alwaysHaulable>
    <rotatable>false</rotatable>
    <pathCost>15</pathCost>
  </ThingDef>

  <ThingDef ParentName="MinifiedBase">
    <defName>MinifiedMiningTurret</defName>
    <label>mining turret (uninstalled)</label>
    <thingCategories>
      <li>Items</li>
    </thingCategories>
  </ThingDef>

</Defs>