﻿<?xml version="1.0" encoding="utf-8" ?>
<Defs>

  <ThingDef Abstract="True" Name="BaseWeapon">
    <thingClass>ThingWithComps</thingClass>
    <category>Item</category>
    <drawGUIOverlay>true</drawGUIOverlay>
    <altitudeLayer>Item</altitudeLayer>
    <alwaysHaulable>true</alwaysHaulable>
    <tickerType>Never</tickerType>
    <equipmentType>Primary</equipmentType>
    <useHitPoints>true</useHitPoints>
    <pathCost>10</pathCost>
    <selectable>true</selectable>
    <statBases>
      <MaxHitPoints>100</MaxHitPoints>
      <Flammability>1.0</Flammability>
      <DeteriorationRate>2</DeteriorationRate>
      <Beauty>-6</Beauty>
      <SellPriceFactor>0.20</SellPriceFactor>
    </statBases>
    <comps>
      <li Class="CompProperties_Forbiddable"/>
      <li>
        <compClass>CompEquippable</compClass>
      </li>
    </comps>
    <graphicData>
      <onGroundRandomRotateAngle>35</onGroundRandomRotateAngle>
    </graphicData>
  </ThingDef>

  <ThingDef Name="BaseMeleeWeapon" Abstract="True" ParentName="BaseWeapon">
    <techLevel>Industrial</techLevel>
    <smeltable>true</smeltable>
    <weaponTags>
      <li>Melee</li>
    </weaponTags>
    <thingCategories>
      <li>WeaponsMelee</li>
    </thingCategories>
    <comps>
      <li>
        <compClass>CompQuality</compClass>
      </li>
      <li Class="CompProperties_Art">
        <nameMaker>ArtName_WeaponMelee</nameMaker>
        <descriptionMaker>ArtDescription_WeaponMelee</descriptionMaker>
        <minQualityForArtistic>Excellent</minQualityForArtistic>
      </li>
    </comps>
    <recipeMaker>
      <workSpeedStat>SmithingSpeed</workSpeedStat>
      <workSkill>Crafting</workSkill>
      <effectWorking>Smith</effectWorking>
      <soundWorking>Recipe_Smith</soundWorking>
      <recipeUsers>
        <li>TableMachining</li>
      </recipeUsers>
      <unfinishedThingDef>UnfinishedWeapon</unfinishedThingDef>
      <researchPrerequisite>ResearchPowerFist</researchPrerequisite>
    </recipeMaker>
    <inspectorTabs>
      <li>ITab_Art</li>
    </inspectorTabs>
  </ThingDef>

  <ThingDef ParentName="BaseMeleeWeapon" Class="PowerFist.ThingDef_PowerFist">
    <defName>MeleeWeapon_PowerFist</defName>
    <label>power fist</label>
    <description>An advanced tool used by miners to handle heavy tools. It is often customized for military purposes during crisis.</description>
    <techLevel>Spacer</techLevel>
    <graphicData>
      <texPath>Things/Item/Equipment/WeaponMelee/PowerFist</texPath>
      <graphicClass>Graphic_Single</graphicClass>
    </graphicData>
    <soundInteract>InteractChargeRifle</soundInteract>
    <costList>
      <Steel>40</Steel>
      <Plasteel>60</Plasteel>
      <Component>10</Component>
    </costList>
    <statBases>
      <WorkToMake>50000</WorkToMake>
      <Mass>5.0</Mass>
      <MeleeWeapon_DamageAmount>12</MeleeWeapon_DamageAmount>
      <MeleeWeapon_Cooldown>2.2</MeleeWeapon_Cooldown>
      <MiningSpeed>0.15</MiningSpeed>
    </statBases>
    <equippedAngleOffset>-45</equippedAngleOffset>
    <verbs>
      <li>
        <verbClass>PowerFist.Verb_MeleeAttackWithRepel</verbClass>
        <hasStandardCommand>true</hasStandardCommand>
        <meleeDamageDef>Blunt</meleeDamageDef>
      </li>
    </verbs>

    <!-- Power fist properties. -->
    <repelDurationInTicks>20</repelDurationInTicks>
    <bodySizeSmall>0.5</bodySizeSmall>
    <bodySizeMedium>1.2</bodySizeMedium>
    <bodySizeBig>1.7</bodySizeBig>
    <repelDistanceShort>1</repelDistanceShort>
    <repelDistanceMedium>2</repelDistanceMedium>
    <repelDistanceLong>3</repelDistanceLong>
    <repelDistanceFactorWithPowerArmor>2.0</repelDistanceFactorWithPowerArmor>
    <stunDurationInTicksShort>100</stunDurationInTicksShort>
    <stunDurationInTicksMedium>140</stunDurationInTicksMedium>
    <stunDurationInTicksLong>180</stunDurationInTicksLong>
    <empDurationInTicks>2400</empDurationInTicks>
    <crushDamageFactor>0.25</crushDamageFactor>
    <crushDamageFactorWithPowerArmor>0.5</crushDamageFactorWithPowerArmor>
    <electricDamageFactorWithPowerArmor>0.5</electricDamageFactorWithPowerArmor>
  </ThingDef>

</Defs>