﻿<?xml version="1.0" encoding="utf-8" ?>
<ThoughtDefs>

  <ThoughtDef>
    <defName>HadCampfireParty1</defName>
    <durationDays>0.5</durationDays>
    <stackLimit>1</stackLimit>
    <stages>
      <li>
        <label>Drop by campfire party</label>
        <description>I just drop by a campfire party. It looked like it was fun!</description>
        <baseMoodEffect>2</baseMoodEffect>
      </li>
    </stages>
  </ThoughtDef>

  <ThoughtDef>
    <defName>HadCampfireParty2</defName>
    <durationDays>1</durationDays>
    <stackLimit>1</stackLimit>
    <stages>
      <li>
        <label>Took part in campfire party</label>
        <description>I was at an enjoying campfire party. I should have stayed longer!</description>
        <baseMoodEffect>4</baseMoodEffect>
      </li>
    </stages>
  </ThoughtDef>

  <ThoughtDef>
    <defName>HadCampfireParty3</defName>
    <durationDays>1.5</durationDays>
    <stackLimit>1</stackLimit>
    <stages>
      <li>
        <label>Had a good campfire party</label>
        <description>I had a good campfire party. It was a nice to chat and revel with all my people!</description>
        <baseMoodEffect>6</baseMoodEffect>
      </li>
    </stages>
  </ThoughtDef>

  <ThoughtDef>
    <defName>HadCampfireParty4</defName>
    <durationDays>2</durationDays>
    <stackLimit>1</stackLimit>
    <stages>
      <li>
        <label>Had a great campfire party</label>
        <description>I had a great campfire party. It was such a pleasant time in this harsh world. I look forward to the next one!</description>
        <baseMoodEffect>8</baseMoodEffect>
      </li>
    </stages>
  </ThoughtDef>

  <ThoughtDef>
    <defName>HadCampfirePartyPsychopaths</defName>
    <durationDays>0.5</durationDays>
    <stackLimit>1</stackLimit>
    <stages>
      <li>
        <label>Was at campfire party</label>
        <description>Look at those guys wiggling and getting drunk. Is it what you call a 'party'? It is both so absurd and hilarious!</description>
        <baseMoodEffect>3</baseMoodEffect>
      </li>
    </stages>
  </ThoughtDef>

</ThoughtDefs>