﻿<?xml version="1.0" encoding="utf-8" ?>
<Defs>

  <StatDef>
    <defName>FishingSpeed</defName>
    <label>fishing speed</label>
    <description>A multiplier on the speed at which this person fishes.</description>
    <category>PawnWork</category>
    <defaultBaseValue>1</defaultBaseValue>
    <toStringStyle>PercentZero</toStringStyle>
    <statFactors>
      <li>WorkSpeedGlobal</li>
    </statFactors>
    <skillNeedFactors>
      <li Class="SkillNeed_BaseBonus">
        <skill>Fishing</skill>
        <baseFactor>0.5</baseFactor>
        <bonusFactor>0.10</bonusFactor>
      </li>
    </skillNeedFactors>
    <capacityFactors>
      <li>
        <capacity>Consciousness</capacity>
        <weight>1</weight>
      </li>
      <li>
        <capacity>Manipulation</capacity>
        <weight>0.8</weight>
      </li>
      <li>
        <capacity>Sight</capacity>
        <weight>0.5</weight>
      </li>
    </capacityFactors>
  </StatDef>

</Defs>