﻿<?xml version="1.0" encoding="utf-8" ?>

<Patch>

  <Operation Class="PatchOperationSequence">
    <success>Always</success>
    <operations>
      <li Class="FishIndustry.PatchOperationCheckForCaveBiome"/>
      <li Class="PatchOperationAdd">
        <xpath>/Defs/PawnKindDef[defName = "PawnKindDefFishSeasnake"]/naturalBiomes</xpath>
        <value>
          <li>Cave</li>
        </value>
      </li>
      <li Class="PatchOperationAdd">
        <xpath>/Defs/PawnKindDef[defName = "PawnKindDefFishMashgon"]/naturalBiomes</xpath>
        <value>
          <li>Cave</li>
        </value>
      </li>
      <li Class="PatchOperationAdd">
        <xpath>/Defs/PawnKindDef[defName = "PawnKindDefFishBlueblade"]/naturalBiomes</xpath>
        <value>
          <li>Cave</li>
        </value>
      </li>
    </operations>
  </Operation>
	
</Patch>
