<?xml version="1.0" encoding="utf-8" ?>
<Defs>

  <ResearchProjectDef>
    <defName>ResearchDrillTurret</defName>
    <label>drill turret</label>
    <description>Design drill turrets. Those turrets can be deployed near ore deposits or natural rocks to automatically drill it. A small part of resources are lost though (25%).</description>
    <techLevel>Industrial</techLevel>
    <baseCost>1000</baseCost>
    <prerequisites>
      <li>MicroelectronicsBasics</li>
    </prerequisites>
    <requiredResearchBuilding>HiTechResearchBench</requiredResearchBuilding>
    <tab>MiningCo</tab>
    <researchViewX>0</researchViewX>
    <researchViewY>4</researchViewY>
  </ResearchProjectDef>

  <ResearchProjectDef>
    <defName>ResearchDrillTurretEfficientDrilling</defName>
    <label>efficient drilling</label>
    <description>Increase drill turret efficiency (+25 %) and avoid ore resources waste.</description>
    <techLevel>Industrial</techLevel>
    <baseCost>1000</baseCost>
    <prerequisites>
      <li>ResearchDrillTurret</li>
    </prerequisites>
    <requiredResearchFacilities>
      <li>MultiAnalyzer</li>
    </requiredResearchFacilities>
    <requiredResearchBuilding>HiTechResearchBench</requiredResearchBuilding>
    <tab>MiningCo</tab>
    <researchViewX>1</researchViewX>
    <researchViewY>4</researchViewY>
  </ResearchProjectDef>

</Defs>