﻿<?xml version="1.0" encoding="utf-8"?>
<ModMetaData>
	<name>MiningCo. MiningHelmet</name>
	<author>Rikiki</author>
	<url>https://ludeon.com/forums/index.php?topic=14711.msg153940#msg153940</url>
  <supportedVersions>
    <li>1.0</li>
  </supportedVersions>
	<description>This mod adds the MiningCo. mining helmet and vest (equipped with a light). See the forum thread for content/changelog. https://ludeon.com/forums/index.php?topic=14711.msg153940#msg153940 </description>
</ModMetaData>