﻿<?xml version="1.0" encoding="utf-8" ?>
<TerrainDefs>

  <TerrainDef>
    <defName>FishingPierFloorDeepWater</defName>
    <label>Fishing pier floor</label>
    <texturePath>Terrain/Surfaces/WaterDeepRamp</texturePath>
    <waterDepthShader>Map/WaterDepth</waterDepthShader>
    <EdgeType>Water</EdgeType>
    <RenderPrecedence>393</RenderPrecedence>
    <PathCost>0</PathCost>
    <acceptFilth>false</acceptFilth>
    <fertility>0</fertility>
    <avoidWander>false</avoidWander>
    <changeable>false</changeable>
    <holdSnow>true</holdSnow>
    <takeSplashes>false</takeSplashes>
    <tags>
      <li>Water</li>
    </tags>
  </TerrainDef>

  <TerrainDef>
    <defName>FishingPierFloorShallowWater</defName>
    <label>Fishing pier floor</label>
    <texturePath>Terrain/Surfaces/WaterShallowRamp</texturePath>
    <waterDepthShader>Map/WaterDepth</waterDepthShader>
    <EdgeType>Water</EdgeType>
    <RenderPrecedence>392</RenderPrecedence>
    <PathCost>0</PathCost>
    <acceptFilth>false</acceptFilth>
    <fertility>0</fertility>
    <avoidWander>false</avoidWander>
    <changeable>false</changeable>
    <holdSnow>true</holdSnow>
    <takeSplashes>false</takeSplashes>
    <tags>
      <li>Water</li>
    </tags>
  </TerrainDef>

  <TerrainDef>
    <defName>FishingPierFloorMarsh</defName>
    <label>Fishing pier floor</label>
    <texturePath>Terrain/Surfaces/Marsh</texturePath>
    <EdgeType>FadeRough</EdgeType>
    <RenderPrecedence>326</RenderPrecedence>
    <PathCost>0</PathCost>
    <Fertility>0</Fertility>
    <acceptFilth>false</acceptFilth>
    <avoidWander>false</avoidWander>
    <changeable>false</changeable>
    <holdSnow>true</holdSnow>
  </TerrainDef>

</TerrainDefs>