﻿<?xml version="1.0" encoding="utf-8" ?>
<ResearchProjectDefs>

  <ResearchProjectDef>
    <defName>ResearchLaserFence</defName>
    <label>MiningCo.: laser fence</label>
    <description>Research how to build laser fences. Those advanced fences will allow you to keep those pesky critters away from your potato farm!</description>
    <descriptionDiscovered>You can now build laser fences. Don't forget to wear your safety glasses before any maintenance operation!</descriptionDiscovered>
    <techLevel>Industrial</techLevel>
    <baseCost>1200</baseCost>
    <prerequisites>
      <li>MicroelectronicsBasics</li>
    </prerequisites>
    <requiredResearchBuilding>HiTechResearchBench</requiredResearchBuilding>
  </ResearchProjectDef>

</ResearchProjectDefs>