<?xml version="1.0" encoding="utf-8" ?>
<ResearchProjectDefs>

  <ResearchProjectDef>
    <defName>ResearchMiningTurret</defName>
    <label>mining turret</label>
    <description>Design mining turrets. Those turrets can be deployed near ore deposits or natural rocks to automatically drill it.</description>
    <descriptionDiscovered>You have developped the mining turret.

- You can now build mining turrets to automatically mine ore deposits or natural rocks.
    </descriptionDiscovered>
    <techLevel>Industrial</techLevel>
    <baseCost>1000</baseCost>
    <prerequisites>
      <li>MicroelectronicsBasics</li>
    </prerequisites>
    <requiredResearchBuilding>HiTechResearchBench</requiredResearchBuilding>
    <tab>MiningCo</tab>
    <researchViewX>0</researchViewX>
    <researchViewY>4</researchViewY>
  </ResearchProjectDef>

  <ResearchProjectDef>
    <defName>ResearchMiningTurretEfficientDrilling</defName>
    <label>mining turret: efficient drilling</label>
    <description>Improve the mining turret to increase drilling speed and reduce resources waste.</description>
    <techLevel>Industrial</techLevel>
    <baseCost>2000</baseCost>
    <prerequisites>
      <li>ResearchMiningTurret</li>
    </prerequisites>
    <requiredResearchBuilding>HiTechResearchBench</requiredResearchBuilding>
    <tab>MiningCo</tab>
    <researchViewX>1</researchViewX>
    <researchViewY>4</researchViewY>
  </ResearchProjectDef>

</ResearchProjectDefs>