﻿<?xml version="1.0" encoding="utf-8" ?>
<Buildings>

  <!-- Just override base def to add a placeworker. -->
  <ThingDef ParentName="BuildingBase">
    <defName>SolarGenerator</defName>
    <label>solar generator</label>
    <thingClass>Building</thingClass>
    <graphicData>
      <texPath>Things/Building/Power/SolarCollector</texPath>
      <graphicClass>Graphic_Single</graphicClass>
      <drawSize>(4,4)</drawSize>
      <damageData>
        <rect>(0,0.6,4,2.8)</rect>
      </damageData>
    </graphicData>
    <altitudeLayer>Building</altitudeLayer>
    <passability>PassThroughOnly</passability>
    <pathCost>70</pathCost>
    <fillPercent>0.5</fillPercent>
    <castEdgeShadows>true</castEdgeShadows>
    <statBases>
      <MaxHitPoints>300</MaxHitPoints>
      <WorkToBuild>2500</WorkToBuild>
      <Flammability>1.0</Flammability>
    </statBases>
    <tickerType>Normal</tickerType>
    <description>Produces electricity from sunlight. Does not work in the dark.</description>
    <size>(4,4)</size>
    <building>
      <ignoreNeedsPower>true</ignoreNeedsPower>
    </building>
    <costList>
      <Steel>100</Steel>
      <Component>3</Component>
    </costList>
    <comps>
      <li Class="CompProperties_Power">
        <compClass>CompPowerPlantSolar</compClass>
        <basePowerConsumption>-1</basePowerConsumption>
        <transmitsPower>true</transmitsPower>
      </li>
      <li Class="CompProperties_Breakdownable"/>
    </comps>
    <terrainAffordanceNeeded>Light</terrainAffordanceNeeded>
    <designationCategory>Power</designationCategory>
    <staticSunShadowHeight>0.20</staticSunShadowHeight>
    <designationHotkey>Misc5</designationHotkey>
    <constructEffect>ConstructMetal</constructEffect>
    <researchPrerequisites>
      <li>Electricity</li>
      <li>SolarPanels</li>
    </researchPrerequisites>
    <PlaceWorkers>
      <li>CaveBiome.PlaceWorker_NotInCave</li>
    </PlaceWorkers>
  </ThingDef>

</Buildings>