﻿<?xml version="1.0" encoding="utf-8" ?>
<Buildings>

  <ThingDef ParentName="BuildingBase">
    <defName>UnderwaterPowerConduit</defName>
    <label>underwater power conduit</label>
    <thingClass>Building</thingClass>
    <category>Building</category>
    <graphicData>
      <texPath>Things/Building/Linked/PowerConduit_Atlas</texPath>
      <graphicClass>Graphic_Single</graphicClass>
      <linkType>Transmitter</linkType>
      <linkFlags>
        <li>PowerConduit</li>
      </linkFlags>
      <damageData>
        <rect>(0,0.35,1,0.3)</rect>
      </damageData>
    </graphicData>
    <blueprintGraphicData>
      <texPath>Things/Building/Linked/PowerConduit_Blueprint_Atlas</texPath>
    </blueprintGraphicData>
    <uiIconPath>Things/Building/Linked/PowerConduit_MenuIcon</uiIconPath>
    <building>
      <ai_chillDestination>false</ai_chillDestination>
      <isInert>true</isInert>
      <ignoreNeedsPower>true</ignoreNeedsPower>
      <isEdifice>false</isEdifice>
    </building>
    <altitudeLayer>FloorEmplacement</altitudeLayer>
    <passability>Standable</passability>
    <leaveResourcesWhenKilled>false</leaveResourcesWhenKilled>
    <statBases>
      <MaxHitPoints>120</MaxHitPoints>
      <WorkToBuild>500</WorkToBuild>
      <Flammability>0.0</Flammability>
      <Beauty>-2</Beauty>
    </statBases>
    <description>A set of electrical cables for moving power around. Can be placed under walls, other buildings and underwater.</description>
    <placingDraggableDimensions>1</placingDraggableDimensions>
    <costList>
      <Steel>10</Steel>
    </costList>
    <comps>
      <li Class="CompProperties_Power">
        <compClass>CompPowerTransmitter</compClass>
        <transmitsPower>true</transmitsPower>
      </li>
    </comps>
    <placeWorkers>
      <li>PlaceWorker_Conduit</li>
    </placeWorkers>
    <rotatable>false</rotatable>
    <selectable>true</selectable>
    <neverMultiSelect>true</neverMultiSelect>
    <soundImpactDefault>BulletImpactMetal</soundImpactDefault>
    <terrainAffordanceNeeded>Undefined</terrainAffordanceNeeded>
    <designationCategory>Power</designationCategory>
    <constructEffect>ConstructMetal</constructEffect>
    <designationHotKey>Misc1</designationHotKey>
    <researchPrerequisites>
      <li>Electricity</li>
    </researchPrerequisites>
  </ThingDef>

</Buildings>