﻿<?xml version="1.0" encoding="utf-8" ?>
<ThingDefs>

  <!--=============== Mortar bomb turret ===============-->

  <ThingDef ParentName="BaseArtilleryBuilding">
    <defName>Turret_MortarBomb</defName>
    <label>mortar</label>
    <description>A mortar that launches explosive shells. Must be manned. Explodes when damaged.</description>
    <comps>
      <li Class="CompProperties_Explosive">
        <explosiveRadius>4.9</explosiveRadius>
        <explosiveDamageType>Bomb</explosiveDamageType>
      </li>
    </comps>
    <costStuffCount>100</costStuffCount>
    <costList>
      <Steel>150</Steel>
      <Component>4</Component>
    </costList>
    <designationHotKey>Misc3</designationHotKey>
    <building>
      <turretGunDef>Artillery_MortarBomb</turretGunDef>
      <turretTopgraphicPath>Things/Building/Security/TurretMortarBomb_Top</turretTopgraphicPath>
      <buildingTags>
        <li>Artillery_BaseDestroyer</li>
      </buildingTags>
    </building>
  </ThingDef>

  <ThingDef ParentName="BaseArtilleryWeapon">
    <defName>Artillery_MortarBomb</defName>
    <label>explosive mortar</label>
    <description>Mortar launcher. Lobs bombs over walls. Very inaccurate but long-ranged.</description>
    <weaponTags>
      <li>Artillery_BaseDestroyer</li>
    </weaponTags>
    <verbs>
      <li>
        <verbClass>Verb_Shoot</verbClass>
        <forceNormalTimeSpeed>false</forceNormalTimeSpeed>
        <hasStandardCommand>true</hasStandardCommand>
        <projectileDef>Bullet_MortarBomb</projectileDef>
        <forcedMissRadius>12</forcedMissRadius>
        <warmupTime>5.8</warmupTime>
        <minRange>30</minRange>
        <range>500</range>
        <burstShotCount>1</burstShotCount>
        <soundCast>Mortar_LaunchA</soundCast>
        <muzzleFlashScale>16</muzzleFlashScale>
      </li>
    </verbs>
  </ThingDef>

  <ThingDef ParentName="BaseBullet">
    <defName>Bullet_MortarBomb</defName>
    <label>explosive mortar shell</label>
    <graphicData>
      <texPath>Things/Projectile/ShellBomb</texPath>
      <graphicClass>Graphic_Single</graphicClass>
      <shaderType>TransparentPostLight</shaderType>
    </graphicData>
    <thingClass>Projectile_Explosive</thingClass>
    <projectile>
      <damageDef>Bomb</damageDef>
      <damageAmountBase>50</damageAmountBase>
      <speed>41</speed>
      <explosionRadius>3.5</explosionRadius>
      <flyOverhead>true</flyOverhead>
      <soundHitThickRoof>ArtilleryHitThickRoof</soundHitThickRoof>
      <soundExplode>MortarBomb_Explode</soundExplode>
      <soundImpactAnticipate>MortarRound_PreImpact</soundImpactAnticipate>
      <soundAmbient>MortarRound_Ambient</soundAmbient>
    </projectile>
  </ThingDef>

  <!--=============== Mortar incendiary turret ===============-->

  <ThingDef ParentName="BaseArtilleryBuilding">
    <defName>Turret_MortarIncendiary</defName>
    <label>incendiary mortar</label>
    <description>A mortar that launches incendiary shells. Must be manned. Explodes when damaged.</description>
    <comps>
      <li Class="CompProperties_Explosive">
        <explosiveRadius>4.9</explosiveRadius>
        <explosiveDamageType>Flame</explosiveDamageType>
      </li>
    </comps>
    <costStuffCount>100</costStuffCount>
    <costList>
      <Steel>150</Steel>
      <Component>4</Component>
    </costList>
    <building>
      <turretGunDef>Artillery_MortarIncendiary</turretGunDef>
      <turretTopgraphicPath>Things/Building/Security/TurretMortarIncendiary_Top</turretTopgraphicPath>
      <buildingTags>
        <li>Artillery_BaseDestroyer</li>
      </buildingTags>
    </building>
    <designationHotKey>Misc4</designationHotKey>
  </ThingDef>

  <ThingDef ParentName="BaseArtilleryWeapon">
    <defName>Artillery_MortarIncendiary</defName>
    <label>incendiary mortar</label>
    <description>Incendiary mortar launcher. Lobs fire-starting bombs over walls. Very inaccurate but long-ranged.</description>
    <weaponTags>
      <li>Artillery_BaseDestroyer</li>
    </weaponTags>
    <verbs>
      <li>
        <verbClass>Verb_Shoot</verbClass>
        <forceNormalTimeSpeed>false</forceNormalTimeSpeed>
        <hasStandardCommand>true</hasStandardCommand>
        <projectileDef>Bullet_MortarIncendiary</projectileDef>
        <forcedMissRadius>12</forcedMissRadius>
        <ai_IsIncendiary>true</ai_IsIncendiary>
        <warmupTime>5.8</warmupTime>
        <minRange>30</minRange>
        <range>500</range>
        <burstShotCount>1</burstShotCount>
        <soundCast>Mortar_LaunchA</soundCast>
        <muzzleFlashScale>16</muzzleFlashScale>
      </li>
    </verbs>
  </ThingDef>

  <ThingDef ParentName="BaseBullet">
    <defName>Bullet_MortarIncendiary</defName>
    <label>incendiary mortar shell</label>
    <graphicData>
      <texPath>Things/Projectile/ShellIncendiary</texPath>
      <graphicClass>Graphic_Single</graphicClass>
      <shaderType>TransparentPostLight</shaderType>
    </graphicData>
    <thingClass>Projectile_Explosive</thingClass>
    <projectile>
      <damageDef>Flame</damageDef>
      <damageAmountBase>10</damageAmountBase>
      <speed>41</speed>
      <explosionRadius>2.9</explosionRadius>
      <preExplosionSpawnThingDef>FilthFuel</preExplosionSpawnThingDef>
      <explosionSpawnChance>0.25</explosionSpawnChance>
      <flyOverhead>true</flyOverhead>
      <soundHitThickRoof>ArtilleryHitThickRoof</soundHitThickRoof>
      <soundExplode>MortarIncendiary_Explode</soundExplode>
      <soundImpactAnticipate>MortarRound_PreImpact</soundImpactAnticipate>
      <soundAmbient>MortarRound_Ambient</soundAmbient>
    </projectile>
  </ThingDef>

  <!--=============== Mortar EMP ===============-->

  <ThingDef ParentName="BaseArtilleryBuilding">
    <defName>Turret_MortarEMP</defName>
    <label>EMP mortar</label>
    <description>A mortar that launches EMP bombs. Must be manned. Explodes when damaged.</description>
    <comps>
      <li Class="CompProperties_Explosive">
        <explosiveRadius>4.9</explosiveRadius>
        <explosiveDamageType>EMP</explosiveDamageType>
      </li>
    </comps>
    <costStuffCount>100</costStuffCount>
    <costList>
      <Steel>150</Steel>
      <Component>4</Component>
    </costList>
    <building>
      <turretGunDef>Artillery_MortarEMP</turretGunDef>
      <turretTopgraphicPath>Things/Building/Security/TurretMortarEMP_Top</turretTopgraphicPath>
    </building>
    <designationHotkey>Misc5</designationHotkey>
  </ThingDef>

  <ThingDef ParentName="BaseArtilleryWeapon">
    <defName>Artillery_MortarEMP</defName>
    <label>EMP mortar</label>
    <description>Mortar launcher. Lobs EMP bombs over walls. Very inaccurate but long-ranged.</description>
    <verbs>
      <li>
        <verbClass>Verb_Shoot</verbClass>
        <forceNormalTimeSpeed>false</forceNormalTimeSpeed>
        <hasStandardCommand>true</hasStandardCommand>
        <projectileDef>Bullet_MortarEMP</projectileDef>
        <forcedMissRadius>12</forcedMissRadius>
        <warmupTime>5.8</warmupTime>
        <minRange>30</minRange>
        <range>500</range>
        <burstShotCount>1</burstShotCount>
        <soundCast>Mortar_LaunchA</soundCast>
        <muzzleFlashScale>16</muzzleFlashScale>
      </li>
    </verbs>
  </ThingDef>

  <ThingDef ParentName="BaseBullet">
    <defName>Bullet_MortarEMP</defName>
    <label>EMP mortar bomb</label>
    <graphicData>
      <texPath>Things/Projectile/ShellEMP</texPath>
      <graphicClass>Graphic_Single</graphicClass>
      <shaderType>TransparentPostLight</shaderType>
    </graphicData>
    <thingClass>Projectile_Explosive</thingClass>
    <projectile>
      <damageDef>EMP</damageDef>
      <damageAmountBase>360</damageAmountBase>
      <speed>41</speed>
      <explosionRadius>8.5</explosionRadius>
      <flyOverhead>true</flyOverhead>
      <soundHitThickRoof>ArtilleryHitThickRoof</soundHitThickRoof>
      <soundExplode>Explosion_EMP</soundExplode>
      <soundImpactAnticipate>MortarRound_PreImpact</soundImpactAnticipate>
      <soundAmbient>MortarRound_Ambient</soundAmbient>
    </projectile>
  </ThingDef>

</ThingDefs>