﻿<?xml version="1.0" encoding="utf-8" ?>
<Buildings>

  <ThingDef Name="BuildingBase" Abstract="True">
    <category>Building</category>
    <thingClass>Building</thingClass>
    <soundImpactDefault>BulletImpactMetal</soundImpactDefault>
    <selectable>true</selectable>
    <drawerType>MapMeshAndRealTime</drawerType>
    <terrainAffordanceNeeded>Light</terrainAffordanceNeeded>
    <repairEffect>Repair</repairEffect>
    <leaveResourcesWhenKilled>true</leaveResourcesWhenKilled>
    <filthLeaving>BuildingRubble</filthLeaving>
  </ThingDef>

  <ThingDef Name="FurnitureBase" ParentName="BuildingBase" Abstract="True">
    <comps>
      <li>
        <compClass>CompQuality</compClass>
      </li>
    </comps>
    <DesignationCategory>Furniture</DesignationCategory>
    <minifiedDef>MinifiedFurniture</minifiedDef>
    <tradeTags>
      <li>Furniture</li>
    </tradeTags>
  </ThingDef>
  
  <!-- ======================== Lighting ======================= -->

  <ThingDef ParentName="FurnitureBase">
    <defName>CrystalLamp</defName>
    <label>crystal lamp</label>
    <description>A cold crystal installed on a wooden post. Lights an area but the crystal seems to absorb the surrounding heat.</description>
    <category>Building</category>
    <graphicData>
      <texPath>Things/Building/Misc/CrystalLamp</texPath>
      <graphicClass>Graphic_Single</graphicClass>
      <drawRotated>false</drawRotated>
      <damageData>
        <rect>(0.35,0.35,0.3,0.3)</rect>
      </damageData>
    </graphicData>
    <rotatable>false</rotatable>
    <altitudeLayer>Building</altitudeLayer>
    <passability>PassThroughOnly</passability>
    <pathCost>8</pathCost>
    <constructEffect>ConstructWood</constructEffect>
    <tickerType>Normal</tickerType>
    <drawerType>RealtimeOnly</drawerType>
    <fillPercent>0.15</fillPercent>
    <statBases>
      <MaxHitPoints>80</MaxHitPoints>
      <WorkToMake>200</WorkToMake>
      <Flammability>0</Flammability>
    </statBases>
    <selectable>true</selectable>
    <costList>
      <WoodLog>20</WoodLog>
      <ColdCrystal>1</ColdCrystal>
    </costList>
    <soundImpactDefault>BulletImpactGround</soundImpactDefault>
    <leaveResourcesWhenKilled>true</leaveResourcesWhenKilled>
    <resourcesFractionWhenDeconstructed>0.75</resourcesFractionWhenDeconstructed>
    <placeWorkers>
      <li>PlaceWorker_CoolerSimple</li>
    </placeWorkers>
    <drawPlaceWorkersWhileSelected>true</drawPlaceWorkersWhileSelected>
    <comps>
      <li Class="CompProperties_Glower">
        <glowRadius>10</glowRadius>
        <glowColor>(252,187,113,0)</glowColor>
      </li>
      <li Class="CompProperties_HeatPusher">
        <heatPerSecond>-4</heatPerSecond>
        <heatPushMinTemperature>-15</heatPushMinTemperature>
      </li>
    </comps>
    <designationCategory>Furniture</designationCategory>
  </ThingDef>

</Buildings>