﻿<?xml version="1.0" encoding="utf-8" ?>
<Defs>

  <ThingDef ParentName="BuildingBase" Name="ShipPartBaseInCave" Abstract="True">
    <altitudeLayer>Building</altitudeLayer>
    <pathCost>150</pathCost>
    <blockWind>true</blockWind>
    <passability>Impassable</passability>
    <fillPercent>1.0</fillPercent>
    <size>(6,3)</size>
    <statBases>
      <MaxHitPoints>1200</MaxHitPoints>
      <Flammability>0</Flammability>
      <Beauty>-100</Beauty>
    </statBases>
    <tickerType>Normal</tickerType>
		<leaveResourcesWhenKilled>false</leaveResourcesWhenKilled>
    <rotatable>true</rotatable>
    <selectable>true</selectable>
    <neverMultiSelect>true</neverMultiSelect>
    <terrainAffordanceNeeded>Light</terrainAffordanceNeeded>
    <soundImpactDefault>BulletImpactMetal</soundImpactDefault>
    <drawerType>MapMeshOnly</drawerType>
    <repairEffect>ConstructMetal</repairEffect>
    <castEdgeShadows>false</castEdgeShadows>
    <staticSunShadowHeight>1.0</staticSunShadowHeight>
    <forceDebugSpawnable>true</forceDebugSpawnable>
    <building>
			<claimable>false</claimable>
			<soundAmbient>CrashedShipPart_Ambience</soundAmbient>
      <roofCollapseDamageMultiplier>0.2</roofCollapseDamageMultiplier>
    </building>
  </ThingDef>

  <ThingDef ParentName="ShipPartBaseInCave">
    <defName>CrashedPsychicEmanatorShipPartInCave</defName>
    <label>crashed ship part</label>
    <description>A mysterious crashed piece of a spaceship. It may contain exotic materials, computers, even AI personas. This kind of technology can be dangerous.</description>
    <thingClass>CaveBiome.Building_PsychicShipPartCopy</thingClass>
    <graphicData>
      <texPath>Things/Building/Exotic/CrashedShipPart</texPath>
      <graphicClass>Graphic_Single</graphicClass>
      <drawSize>(6,3)</drawSize>
    </graphicData>
    <killedLeavings>
      <AIPersonaCore>1</AIPersonaCore>
      <Steel>280</Steel>
      <Silver>140</Silver>
      <ChunkSlagSteel>2</ChunkSlagSteel>
    </killedLeavings>
  </ThingDef>

  <ThingDef ParentName="ShipPartBaseInCave">
    <defName>CrashedPoisonShipPartInCave</defName>
    <label>crashed poison ship part</label>
    <description>A mysterious crashed piece of a spaceship. It may contain exotic materials, computers, even AI personas. This one seems to be poisoning the ground around it.</description>
    <thingClass>CaveBiome.Building_PoisonShipPartCopy</thingClass>
    <graphicData>
      <texPath>Things/Building/Exotic/CrashedPoisonShipPart</texPath>
      <graphicClass>Graphic_Single</graphicClass>
      <drawSize>(6,3)</drawSize>
    </graphicData>
    <killedLeavings>
      <Steel>230</Steel>
      <Silver>120</Silver>
      <ChunkSlagSteel>2</ChunkSlagSteel>
    </killedLeavings>
  </ThingDef>

</Defs>