﻿<?xml version="1.0" encoding="utf-8" ?>
<Defs>

  <EffecterDef>
    <defName>LaserDrill</defName>
    <children>
      <li>
        <subEffecterClass>SubEffecter_Sustainer</subEffecterClass>
        <soundDef>Interact_ConstructMetal</soundDef>
      </li>
      <li>
        <subEffecterClass>SubEffecter_SprayerChance</subEffecterClass>
        <moteDef>Mote_SparkFlash</moteDef>
        <spawnLocType>BetweenTouchingCells</spawnLocType>
        <positionLerpFactor>0.49</positionLerpFactor>
        <ChancePerTick>0.2</ChancePerTick>
        <scale>
          <min>2.5</min>
          <max>3.5</max>
        </scale>
      </li>
      <li>
        <subEffecterClass>SubEffecter_SprayerChance</subEffecterClass>
        <moteDef>Mote_SparkThrown</moteDef>
        <spawnLocType>BetweenTouchingCells</spawnLocType>
        <positionLerpFactor>0.49</positionLerpFactor>
        <ChancePerTick>0.2</ChancePerTick>
        <scale>
          <min>0.24</min>
          <max>0.34</max>
        </scale>
        <airtime>
          <min>0.08</min>
          <max>0.16</max>
        </airtime>
        <rotationRate>
          <min>-240</min>
          <max>240</max>
        </rotationRate>
        <speed>
          <min>7.2</min>
          <max>24</max>
        </speed>
        <angle>
          <min>-45</min>
          <max>45</max>
        </angle>
        <positionRadius>0.02</positionRadius>
      </li>
    </children>
  </EffecterDef>

  <ThingDef Name="MoteBase" Abstract="True">
    <thingClass>MoteThrown</thingClass>
    <label>Mote</label>
    <category>Mote</category>
    <graphicData>
      <graphicClass>Graphic_Mote</graphicClass>
      <shaderType>Mote</shaderType>
    </graphicData>
    <altitudeLayer>MoteLow</altitudeLayer>
    <tickerType>Normal</tickerType>
    <useHitPoints>false</useHitPoints>
    <isSaveable>false</isSaveable>
    <rotatable>false</rotatable>
  </ThingDef>

  <ThingDef ParentName="MoteBase">
    <defName>Mote_SparkThrown</defName>
    <graphicData>
      <texPath>Things/Mote/SparkThrown</texPath>
    </graphicData>
    <altitudeLayer>Projectile</altitudeLayer>
    <mote>
      <fadeInTime>0.08</fadeInTime>
      <solidTime>0.33</solidTime>
      <fadeOutTime>0.85</fadeOutTime>
      <collide>true</collide>
    </mote>
  </ThingDef>

</Defs>