﻿<?xml version="1.0" encoding="utf-8" ?>

<Buildings>

  <ThingDef ParentName="BuildingBase">
    <defName>AquacultureHopper</defName>
    <label>aquaculture hopper</label>
    <description>Holds food to feed bred species in aquaculture basins. This hopper is refrigerated and food within will not spoil if powered.</description>
    <thingClass>FishIndustry.Building_AquacultureHopper</thingClass>
    <placeWorkers>
      <li>FishIndustry.PlaceWorker_AquacultureHopper</li>
    </placeWorkers>
    <graphicData>
      <texPath>Things/Building/AquacultureHopper</texPath>
      <graphicClass>Graphic_Single</graphicClass>
      <drawSize>(1,1)</drawSize>
      <damageData>
        <rect>(0.05,0.1,0.9,0.9)</rect>
        <cornerTL>Damage/Corner</cornerTL>
        <cornerTR>Damage/Corner</cornerTR>
      </damageData>
    </graphicData>
    <TickerType>Rare</TickerType>
    <altitudeLayer>Building</altitudeLayer>
    <passability>PassThroughOnly</passability>
    <fillPercent>0.5</fillPercent>
    <pathCost>70</pathCost>
    <comps>
      <li Class="CompProperties_Power">
        <compClass>CompPowerTrader</compClass>
        <basePowerConsumption>20</basePowerConsumption>
      </li>
      <li Class="CompProperties_Flickable"/>
    </comps>
    <building>
      <preventDeterioration>true</preventDeterioration>
      <fixedStorageSettings>
        <priority>Important</priority>
        <filter>
          <categories>
            <li>PlantFoodRaw</li>
          </categories>
          <disallowedSpecialFilters>
            <li>AllowPlantFood</li>
          </disallowedSpecialFilters>
        </filter>
      </fixedStorageSettings>
      <defaultStorageSettings>
        <priority>Important</priority>
        <filter>
          <categories>
            <li>PlantFoodRaw</li>
          </categories>
        </filter>
      </defaultStorageSettings>
    </building>
    <inspectorTabs>
      <li>ITab_Storage</li>
    </inspectorTabs>
    <castEdgeShadows>true</castEdgeShadows>
    <statBases>
      <WorkToBuild>450</WorkToBuild>
      <MaxHitPoints>100</MaxHitPoints>
      <Flammability>1.0</Flammability>
    </statBases>
    <costList>
      <Steel>15</Steel>
    </costList>
    <rotatable>true</rotatable>
    <neverMultiSelect>true</neverMultiSelect>
    <designationCategory>Production</designationCategory>
    <staticSunShadowHeight>0.3</staticSunShadowHeight>
    <surfaceType>Item</surfaceType>
    <constructEffect>ConstructMetal</constructEffect>
    <researchPrerequisites>
      <li>ResearchAquaculture</li>
    </researchPrerequisites>
  </ThingDef>


</Buildings>