﻿<?xml version="1.0" encoding="utf-8" ?>
<Defs>

  <PawnKindDef Name="MiningCoPawnKindBase" Abstract="True">
    <race>Human</race>
    <defaultFactionType>SpacerHostile</defaultFactionType>
    <baseRecruitDifficulty>0.70</baseRecruitDifficulty>
    <backstoryCategory>Raider</backstoryCategory>
    <chemicalAddictionChance>0.025</chemicalAddictionChance>
    <invNutrition>2.55</invNutrition>
    <backstoryCryptosleepCommonality>0.25</backstoryCryptosleepCommonality>
  </PawnKindDef>

</Defs>