﻿<?xml version="1.0" encoding="utf-8" ?>
<Defs>

  <JobDef>
		<defName>JobDef_FishAtFishingPier</defName>
		<driverClass>FishIndustry.JobDriver_FishAtFishingPier</driverClass>
		<reportString>Fishing on pier.</reportString>
    <alwaysShowWeapon>false</alwaysShowWeapon>
	</JobDef>

  <JobDef>
    <defName>JobDef_FishAtFishingZone</defName>
    <driverClass>FishIndustry.JobDriver_FishAtFishingZone</driverClass>
    <reportString>Fishing.</reportString>
    <alwaysShowWeapon>false</alwaysShowWeapon>
  </JobDef>

  <JobDef>
    <defName>JobDef_AquacultureBasinHarvest</defName>
    <driverClass>FishIndustry.JobDriver_AquacultureBasinHarvest</driverClass>
    <reportString>Harvesting TargetA.</reportString>
    <alwaysShowWeapon>false</alwaysShowWeapon>
  </JobDef>

  <JobDef>
    <defName>JobDef_AquacultureBasinChangeSpecies</defName>
    <driverClass>FishIndustry.JobDriver_AquacultureBasinChangeSpecies</driverClass>
    <reportString>Changing species at TargetA.</reportString>
    <alwaysShowWeapon>false</alwaysShowWeapon>
  </JobDef>

  <JobDef>
    <defName>JobDef_AquacultureBasinMaintain</defName>
    <driverClass>FishIndustry.JobDriver_AquacultureBasinMaintain</driverClass>
    <reportString>Maintaining TargetA.</reportString>
    <alwaysShowWeapon>false</alwaysShowWeapon>
  </JobDef>

</Defs>