﻿<?xml version="1.0" encoding="utf-8" ?>
<Defs>

  <ThingDef Name="BuildingBase" Abstract="True">
    <category>Building</category>
    <thingClass>Building</thingClass>
    <soundImpactDefault>BulletImpactMetal</soundImpactDefault>
    <selectable>true</selectable>
    <drawerType>MapMeshAndRealTime</drawerType>
    <terrainAffordanceNeeded>Light</terrainAffordanceNeeded>
    <repairEffect>Repair</repairEffect>
    <leaveResourcesWhenKilled>true</leaveResourcesWhenKilled>
    <filthLeaving>BuildingRubble</filthLeaving>
  </ThingDef>

  <ThingDef ParentName="BuildingBase">
    <defName>MiningLight</defName>
    <label>mining light</label>
    <description>Mining light.</description>
    <graphicData>
      <texPath>Things/Building/DummyTexture</texPath>
      <graphicClass>Graphic_Single</graphicClass>
    </graphicData>
    <selectable>false</selectable>
    <building>
      <isInert>true</isInert>
      <isEdifice>false</isEdifice>
      <deconstructible>false</deconstructible>
    </building>
    <comps>
      <li Class="CompProperties_Glower">
        <glowRadius>5</glowRadius>
        <glowColor>(255,255,255,0)</glowColor>
      </li>
    </comps>
  </ThingDef>

</Defs>