﻿<?xml version="1.0" encoding="utf-8" ?>
<Resources>

  <ThingDef Abstract="True" Name="OrganicProductBase" ParentName="ResourceBase">
    <graphicData>
      <graphicClass>Graphic_Single</graphicClass>
    </graphicData>
    <socialPropernessMatters>true</socialPropernessMatters>
    <statBases>
      <MaxHitPoints>100</MaxHitPoints>
      <Flammability>1.0</Flammability>
      <DeteriorationRate>10</DeteriorationRate>
    </statBases>
    <tickerType>Rare</tickerType>
  </ThingDef>

  <ThingDef Abstract="True" Name="PlantFoodRawBase" ParentName="OrganicProductBase">
    <ingestible>
      <preferability>RawBad</preferability>
      <nutrition>0.05</nutrition>
      <ingestEffect>EatVegetarian</ingestEffect>
      <ingestSound>RawVegetable_Eat</ingestSound>
    </ingestible>
    <thingCategories>
      <li>PlantFoodRaw</li>
    </thingCategories>
  </ThingDef>

  <ThingDef ParentName="PlantFoodRawBase">
    <defName>RawShimmershroom</defName>
    <label>shimmershroom</label>
    <description>Raw shimmershroom. Its delicate taste and nutrition qualities are much appreciated by caveworlds inhabitants.</description>
    <graphicData>
      <texPath>Things/Item/Resource/PlantFoodRaw/RawShimmershroom</texPath>
      <graphicClass>Graphic_Single</graphicClass>
    </graphicData>
    <statBases>
      <MarketValue>3.0</MarketValue>
      <Mass>0.025</Mass>
    </statBases>
    <ingestible>
      <preferability>RawTasty</preferability>
      <foodType>VegetableOrFruit</foodType>
      <nutrition>0.10</nutrition>
      <joy>0.008</joy>
      <joyKind>Gluttonous</joyKind>
      <specialThoughtDirect>AteRawShimmershroom</specialThoughtDirect>
      <specialThoughtAsIngredient>AteRawShimmershroom</specialThoughtAsIngredient>
    </ingestible>
    <comps>
      <li Class="CompProperties_Rottable">
        <daysToRotStart>10</daysToRotStart>
      </li>
    </comps>
  </ThingDef>

  <ThingDef ParentName="PlantFoodRawBase">
    <defName>RawGlowbulb</defName>
    <label>glowbulb</label>
    <description>Raw glowbulb. While being nutritious, its very rough taste make it better used as a cooked ingredient.</description>
    <graphicData>
      <texPath>Things/Item/Resource/PlantFoodRaw/RawGlowbulb</texPath>
      <graphicClass>Graphic_Single</graphicClass>
    </graphicData>
    <statBases>
      <MarketValue>2.0</MarketValue>
      <Mass>0.03</Mass>
    </statBases>
    <ingestible>
      <foodType>VegetableOrFruit</foodType>
      <specialThoughtDirect>AteRawFood</specialThoughtDirect>
    </ingestible>
    <comps>
      <li Class="CompProperties_Rottable">
        <daysToRotStart>20</daysToRotStart>
      </li>
    </comps>
  </ThingDef>

  <ThingDef ParentName="ResourceBase">
    <defName>GleamcapStem</defName>
    <label>gleamcap stem</label>
    <description>A massive gleamcap stem. Known for its natural healing properties by caveworld tenders, it can be used to treat injuries and ease the pain.</description>
    <thingClass>Medicine</thingClass>
    <graphicData>
      <texPath>Things/Item/Resource/GleamcapStem</texPath>
      <graphicClass>Graphic_Single</graphicClass>
    </graphicData>
    <soundInteract>Standard_Drop</soundInteract>
    <soundDrop>Standard_Drop</soundDrop>
    <statBases>
      <MaxHitPoints>100</MaxHitPoints>
      <MarketValue>10</MarketValue>
      <Flammability>1.0</Flammability>
      <MedicalPotency>0.60</MedicalPotency>
      <DeteriorationRate>4</DeteriorationRate>
      <Mass>0.5</Mass>
    </statBases>
    <thingCategories>
      <li>Medicine</li>
    </thingCategories>
    <tickerType>Rare</tickerType>
    <comps>
      <li Class="CompProperties_Rottable">
        <daysToRotStart>100</daysToRotStart>
      </li>
    </comps>
  </ThingDef>

  <ThingDef ParentName="PlantFoodRawBase">
    <defName>RawGiantLeaf</defName>
    <label>giant leaf</label>
    <description>Raw giant leaf. Not really appetizing raw, it is better prepared as a soup.</description>
    <graphicData>
      <texPath>Things/Item/Resource/PlantFoodRaw/RawGiantLeaf</texPath>
      <graphicClass>Graphic_Single</graphicClass>
    </graphicData>
    <statBases>
      <MarketValue>2.0</MarketValue>
      <Mass>0.035</Mass>
    </statBases>
    <ingestible>
      <foodType>VegetableOrFruit</foodType>
      <specialThoughtDirect>AteRawFood</specialThoughtDirect>
    </ingestible>
    <comps>
      <li Class="CompProperties_Rottable">
        <daysToRotStart>25</daysToRotStart>
      </li>
    </comps>
  </ThingDef>

</Resources>