﻿<?xml version="1.0" encoding="utf-8" ?>
<Defs>

  <ThingDef Name="CaveMushroomBase" Class="CaveworldFlora.ThingDef_ClusterPlant" Abstract="True">
    <category>Plant</category>
    <thingClass>Plant</thingClass>
    <altitudeLayer>LowPlant</altitudeLayer>
    <useHitPoints>True</useHitPoints>
    <statBases>
      <Flammability>0.8</Flammability>
    </statBases>
    <tickerType>Long</tickerType>
    <selectable>False</selectable>
    <neverMultiSelect>True</neverMultiSelect>
    <drawerType>MapMeshOnly</drawerType>
    <graphicData>
      <shaderType>CutoutPlant</shaderType>
    </graphicData>
    <plant>
      <harvestAfterGrowth>0</harvestAfterGrowth>
      <soundHarvesting>Harvest_Standard</soundHarvesting>
      <soundHarvestFinish>Harvest_Standard_Finish</soundHarvestFinish>
      <harvestWork>150</harvestWork>
      <sowWork>150</sowWork>
      <fertilityMin>0.5</fertilityMin>
      <fertilitySensitivity>1.0</fertilitySensitivity>
      <topWindExposure>0.1</topWindExposure>
      <visualSizeRange>
        <min>0.3</min>
        <max>1.00</max>
      </visualSizeRange>
      <growMinGlow>0</growMinGlow>
    </plant>
  </ThingDef>

  <ThingDef ParentName="CaveMushroomBase">
    <defName>Shimmershroom</defName>
    <label>shimmershroom</label>
    <description>Some nice and tasty caveworld shimmershrooms. Much appreciated for their delicate taste and nutrition qualities by caveworlds inhabitants.</description>
    <thingClass>CaveworldFlora.ClusterPlant</thingClass>
    <statBases>
      <MaxHitPoints>25</MaxHitPoints>
      <Flammability>0.4</Flammability>
      <Beauty>10</Beauty>
    </statBases>
    <graphicData>
      <texPath>Things/Plant/Shimmershroom</texPath>
      <graphicClass>Graphic_Random</graphicClass>
      <shadowData>
        <volume>(0.3, 0.3, 0.2)</volume>
      </shadowData>
    </graphicData>
    <selectable>true</selectable>
    <fillPercent>0.10</fillPercent>
    <pathCost>15</pathCost>
    <ingestible>
      <foodType>Plant</foodType>
      <preferability>NeverForNutrition</preferability>
      <nutrition>0.15</nutrition>
    </ingestible>
    <plant>
      <topWindExposure>0</topWindExposure>
      <harvestMinGrowth>0.90</harvestMinGrowth>
      <harvestWork>50</harvestWork>
      <harvestTag>Standard</harvestTag>
      <harvestAfterGrowth>0</harvestAfterGrowth>
      <harvestedThingDef>RawShimmershroom</harvestedThingDef>
      <harvestYield>5</harvestYield>
      <wildCommonalityMaxFraction>0.6</wildCommonalityMaxFraction> <!--Proportion of this cave plant in the world (compared to other cave plants).-->
      <visualSizeRange>
        <min>0.6</min>
        <max>0.8</max>
      </visualSizeRange>
      <growDays>5</growDays>
      <sowTags>
        <li>Fungiponics</li>
      </sowTags>
      <sowResearchPrerequisites>
        <li>ResearchFungiponics</li>
      </sowResearchPrerequisites>
      <sowMinSkill>7</sowMinSkill>
      <reproduceMtbDays>0.4</reproduceMtbDays>
    </plant>

    <minGrowTemperature>5</minGrowTemperature>
    <minOptimalGrowTemperature>15</minOptimalGrowTemperature>
    <maxOptimalGrowTemperature>35</maxOptimalGrowTemperature>
    <maxGrowTemperature>40</maxGrowTemperature>
    <hasStaticGlower>false</hasStaticGlower>
    <hasDynamicGlower>true</hasDynamicGlower>
    <growOnlyOnRoughRock>true</growOnlyOnRoughRock>
    <growOnlyUndeRoof>true</growOnlyUndeRoof>
    <growOnlyNearNaturalRock>true</growOnlyNearNaturalRock>
    <minFertility>0.0</minFertility>
    <maxFertility>999.0</maxFertility>
    <minLight>0.0</minLight>
    <maxLight>0.6</maxLight>
    <clusterSizeRange>
      <min>4</min>
      <max>7</max>
    </clusterSizeRange>
    <clusterSpawnRadius>2.0</clusterSpawnRadius>
    <clusterExclusivityRadiusOffset>5</clusterExclusivityRadiusOffset>
    <clusterExclusivityRadiusFactor>2</clusterExclusivityRadiusFactor>
    <isSymbiosisPlant>false</isSymbiosisPlant>
  </ThingDef>

  <ThingDef ParentName="CaveMushroomBase">
    <defName>Glowbulb</defName>
    <label>glowbulb</label>
    <description>A small glowing bulb, growing in nearly every corner of dark caves. While being nutritious, its very rough taste make it better used as a cooked ingredient.</description>
    <thingClass>CaveworldFlora.ClusterPlant</thingClass>
    <statBases>
      <MaxHitPoints>65</MaxHitPoints>
      <Flammability>0.4</Flammability>
      <Beauty>15</Beauty>
    </statBases>
    <graphicData>
      <texPath>Things/Plant/Glowbulb</texPath>
      <graphicClass>Graphic_Random</graphicClass>
      <shadowData>
        <volume>(0.3, 0.4, 0.3)</volume>
      </shadowData>
    </graphicData>
    <selectable>true</selectable>
    <fillPercent>0.15</fillPercent>
    <pathCost>15</pathCost>
    <ingestible>
      <foodType>Plant</foodType>
      <preferability>NeverForNutrition</preferability>
      <nutrition>0.20</nutrition>
    </ingestible>
    <plant>
      <topWindExposure>0</topWindExposure>
      <harvestMinGrowth>0.90</harvestMinGrowth>
      <harvestWork>50</harvestWork>
      <harvestTag>Standard</harvestTag>
      <harvestAfterGrowth>0</harvestAfterGrowth>
      <harvestedThingDef>RawGlowbulb</harvestedThingDef>
      <harvestYield>8</harvestYield>
      <wildCommonalityMaxFraction>0.3</wildCommonalityMaxFraction> <!--Proportion of this cave plant in the world (compared to other cave plants).-->
      <visualSizeRange>
        <min>0.6</min>
        <max>0.8</max>
      </visualSizeRange>
      <growDays>7</growDays>
      <sowTags>
        <li>Fungiponics</li>
      </sowTags>
      <sowResearchPrerequisites>
        <li>ResearchFungiponics</li>
      </sowResearchPrerequisites>
      <reproduceMtbDays>0.3</reproduceMtbDays>
    </plant>
    
    <minGrowTemperature>0</minGrowTemperature>
    <minOptimalGrowTemperature>10</minOptimalGrowTemperature>
    <maxOptimalGrowTemperature>40</maxOptimalGrowTemperature>
    <maxGrowTemperature>50</maxGrowTemperature>
    <hasStaticGlower>false</hasStaticGlower>
    <hasDynamicGlower>true</hasDynamicGlower>
    <growOnlyOnRoughRock>true</growOnlyOnRoughRock>
    <growOnlyUndeRoof>true</growOnlyUndeRoof>
    <growOnlyNearNaturalRock>true</growOnlyNearNaturalRock>
    <minFertility>0.0</minFertility>
    <maxFertility>999.0</maxFertility>
    <minLight>0.0</minLight>
    <maxLight>0.6</maxLight>
    <clusterSizeRange>
      <min>1</min>
      <max>4</max>
    </clusterSizeRange>
    <clusterSpawnRadius>3.5</clusterSpawnRadius>
    <clusterExclusivityRadiusOffset>5</clusterExclusivityRadiusOffset>
    <clusterExclusivityRadiusFactor>1</clusterExclusivityRadiusFactor>
    <isSymbiosisPlant>false</isSymbiosisPlant>
  </ThingDef>

  <ThingDef ParentName="CaveMushroomBase">
    <defName>Gleamcap</defName>
    <label>gleamcap</label>
    <description>A massive caveworld mushroom. Known for its natural healing properties by caveworld tenders.</description>
    <thingClass>CaveworldFlora.ClusterPlant_Gleamcap</thingClass>
    <statBases>
      <MaxHitPoints>90</MaxHitPoints>
      <Flammability>0.3</Flammability>
      <Beauty>25</Beauty>
    </statBases>
    <graphicData>
      <texPath>Things/Plant/Gleamcap</texPath>
      <graphicClass>Graphic_Random</graphicClass>
      <shadowData>
        <volume>(0.5, 0.5, 0.4)</volume>
      </shadowData>
    </graphicData>
    <selectable>true</selectable>
    <fillPercent>0.20</fillPercent>
    <pathCost>15</pathCost>
    <ingestible>
      <foodType>Plant</foodType>
      <preferability>NeverForNutrition</preferability>
      <nutrition>0.40</nutrition>
    </ingestible>
    <plant>
      <topWindExposure>0</topWindExposure>
      <harvestMinGrowth>0.90</harvestMinGrowth>
      <harvestWork>100</harvestWork>
      <harvestTag>Standard</harvestTag>
      <harvestAfterGrowth>0</harvestAfterGrowth>
      <harvestedThingDef>GleamcapStem</harvestedThingDef>
      <harvestYield>2</harvestYield>
      <wildCommonalityMaxFraction>0.1</wildCommonalityMaxFraction> <!--Proportion of this cave plant in the world (compared to other cave plants).-->
      <visualSizeRange>
        <min>0.3</min>
        <max>1.2</max>
      </visualSizeRange>
      <growDays>12</growDays>
      <sowTags>
        <li>Fungiponics</li>
      </sowTags>
      <sowResearchPrerequisites>
        <li>ResearchFungiponics</li>
      </sowResearchPrerequisites>
      <sowMinSkill>8</sowMinSkill>
      <reproduceMtbDays>2</reproduceMtbDays>
    </plant>

    <minGrowTemperature>-5</minGrowTemperature>
    <minOptimalGrowTemperature>5</minOptimalGrowTemperature>
    <maxOptimalGrowTemperature>35</maxOptimalGrowTemperature>
    <maxGrowTemperature>50</maxGrowTemperature>
    <hasStaticGlower>false</hasStaticGlower>
    <hasDynamicGlower>true</hasDynamicGlower>
    <growOnlyOnRoughRock>true</growOnlyOnRoughRock>
    <growOnlyUndeRoof>true</growOnlyUndeRoof>
    <growOnlyNearNaturalRock>true</growOnlyNearNaturalRock>
    <minFertility>0.0</minFertility>
    <maxFertility>999.0</maxFertility>
    <minLight>0.0</minLight>
    <maxLight>0.6</maxLight>
    <clusterSizeRange>
      <min>1</min>
      <max>3</max>
    </clusterSizeRange>
    <clusterSpawnRadius>1.5</clusterSpawnRadius>
    <clusterExclusivityRadiusOffset>2</clusterExclusivityRadiusOffset>
    <clusterExclusivityRadiusFactor>2</clusterExclusivityRadiusFactor>
    <isSymbiosisPlant>false</isSymbiosisPlant>
  </ThingDef>

  <ThingDef ParentName="CaveMushroomBase">
    <defName>Brightbells</defName>
    <label>brightbells</label>
    <description>A very elegant fungus, appreciated by miners. Remarkable by the light emitted by the little bulbs ending its fragile branches. It is often used by caveworld people as a natural lightning. Its fibrous texture renders it inedible though.</description>
    <thingClass>CaveworldFlora.ClusterPlant</thingClass>
    <statBases>
      <MaxHitPoints>15</MaxHitPoints>
      <Flammability>0.3</Flammability>
      <Beauty>35</Beauty>
    </statBases>
    <graphicData>
      <texPath>Things/Plant/Brightbells</texPath>
      <graphicClass>Graphic_Random</graphicClass>
      <shadowData>
        <volume>(0.3, 0.3, 0.3)</volume>
      </shadowData>
    </graphicData>
    <altitudeLayer>Item</altitudeLayer>
    <selectable>true</selectable>
    <fillPercent>0.20</fillPercent>
    <pathCost>15</pathCost>
    <ingestible>
      <foodType>Plant</foodType>
      <preferability>NeverForNutrition</preferability>
      <nutrition>0.10</nutrition>
    </ingestible>
    <plant>
      <topWindExposure>0</topWindExposure>
      <harvestMinGrowth>0.90</harvestMinGrowth>
      <harvestWork>100</harvestWork>
      <harvestTag>Standard</harvestTag>
      <harvestAfterGrowth>0</harvestAfterGrowth>
      <wildCommonalityMaxFraction>0.2</wildCommonalityMaxFraction> <!--Proportion of this cave plant in the world (compared to other cave plants).-->
      <visualSizeRange>
        <min>0.3</min>
        <max>1.05</max>
      </visualSizeRange>
      <growDays>1</growDays>
      <lifespanFraction>7</lifespanFraction>
      <sowTags>
        <li>Decorative</li>
      </sowTags>
      <sowResearchPrerequisites>
        <li>ResearchFungiponics</li>
      </sowResearchPrerequisites>
      <reproduceMtbDays>0.5</reproduceMtbDays>
    </plant>

    <minGrowTemperature>0</minGrowTemperature>
    <minOptimalGrowTemperature>10</minOptimalGrowTemperature>
    <maxOptimalGrowTemperature>40</maxOptimalGrowTemperature>
    <maxGrowTemperature>50</maxGrowTemperature>
    <hasStaticGlower>false</hasStaticGlower>
    <hasDynamicGlower>true</hasDynamicGlower>
    <growOnlyOnRoughRock>true</growOnlyOnRoughRock>
    <growOnlyUndeRoof>true</growOnlyUndeRoof>
    <growOnlyNearNaturalRock>true</growOnlyNearNaturalRock>
    <minFertility>0.0</minFertility>
    <maxFertility>999.0</maxFertility>
    <minLight>0.0</minLight>
    <maxLight>0.6</maxLight>
    <clusterSizeRange>
      <min>1</min>
      <max>1</max>
    </clusterSizeRange>
    <clusterSpawnRadius>4.0</clusterSpawnRadius>
    <clusterExclusivityRadiusOffset>16</clusterExclusivityRadiusOffset>
    <clusterExclusivityRadiusFactor>0</clusterExclusivityRadiusFactor>
    <isSymbiosisPlant>false</isSymbiosisPlant>
  </ThingDef>

</Defs>