﻿<?xml version="1.0" encoding="utf-8" ?>
<Defs>

  <IncidentDef>
    <defName>PsychicEmanatorShipPartCrash</defName>
    <label>ship part crash (psychic)</label>
    <workerClass>CaveBiome.IncidentWorker_PsychicEmanatorShipPartCrashInCave</workerClass>
    <letterLabel>Psychic ship</letterLabel>
    <letterText>A large piece of an ancient ship has crashed nearby.\n\nYour colonists can feel it in the back of their mind, exhorting unspeakable acts. It must have an onboard AI persona with psychic projection ability. And this AI is not friendly.\n\nDestroy it as soon as possible.</letterText>
    <letterType>BadNonUrgent</letterType>
    <baseChance>2</baseChance>
    <minRefireDays>15</minRefireDays>
    <tags>
      <li>MechanoidShip</li>
    </tags>
    <refireCheckTags>
      <li>MechanoidShip</li>
    </refireCheckTags>
    <category>ThreatBig</category>
    <pointsScaleable>true</pointsScaleable>
    <minThreatPoints>450</minThreatPoints>
    <shipPart>CrashedPsychicEmanatorShipPart</shipPart>
  </IncidentDef>
  
  <IncidentDef>
    <defName>PoisonShipPartCrash</defName>
    <label>ship part crash (poison)</label>
    <workerClass>CaveBiome.IncidentWorker_PoisonShipPartCrashInCave</workerClass>
    <letterLabel>Poison ship</letterLabel>
    <letterText>A large piece of an ancient ship has crashed nearby.\n\nIt is leaking toxic material and will kill all plants in an expanding circle around itself.\n\nDestroy it as soon as possible.</letterText>
    <letterType>BadNonUrgent</letterType>
    <baseChance>2</baseChance>
    <minRefireDays>15</minRefireDays>
    <tags>
      <li>MechanoidShip</li>
    </tags>
    <refireCheckTags>
      <li>MechanoidShip</li>
    </refireCheckTags>
    <category>ThreatBig</category>
    <pointsScaleable>true</pointsScaleable>
    <minThreatPoints>450</minThreatPoints>
    <shipPart>CrashedPoisonShipPart</shipPart>
  </IncidentDef>
  
</Defs>