﻿<?xml version="1.0" encoding="utf-8" ?>
<Defs>

  <RaidStrategyDef>
    <defName>ImmediateAttack</defName>
    <workerClass>RaidStrategyWorker_ImmediateAttack</workerClass>
    <letterLabelEnemy>Raid</letterLabelEnemy>
    <arrivalTextEnemy>They are attacking immediately.</arrivalTextEnemy>
    <letterLabelFriendly>Friendlies</letterLabelFriendly>
    <arrivalTextFriendly>They are moving in to help you immediately.</arrivalTextFriendly>
    <pointsFactor>0.9</pointsFactor>
    <selectionChance>0.75</selectionChance>
    <pawnsCanBringFood>false</pawnsCanBringFood>
    <arriveModes>
      <li>EdgeWalkIn</li>
    </arriveModes>
  </RaidStrategyDef>
TODO: dynamically modify arrive mode.
  <RaidStrategyDef>
    <defName>ImmediateAttackSmart</defName>
    <workerClass>RaidStrategyWorker_ImmediateAttackSmart</workerClass>
    <letterLabelEnemy>Raid</letterLabelEnemy>
    <arrivalTextEnemy>They are attacking immediately.\n\nWatch out - they appear to be unusually clever with their tactics.</arrivalTextEnemy>
    <letterLabelFriendly>Friendlies</letterLabelFriendly>
    <arrivalTextFriendly>They are moving in to help you immediately.</arrivalTextFriendly>
    <pointsFactor>0.85</pointsFactor>
    <selectionChance>0.25</selectionChance>
    <pawnsCanBringFood>false</pawnsCanBringFood>
    <arriveModes>
      <li>EdgeWalkIn</li>
    </arriveModes>
  </RaidStrategyDef>

  <RaidStrategyDef>
    <defName>StageThenAttack</defName>
    <workerClass>RaidStrategyWorker_StageThenAttack</workerClass>
    <letterLabelEnemy>Raid</letterLabelEnemy>
    <arrivalTextEnemy>They will prepare for a while, then attack.\n\nPrepare a defense or attack them pre-emptively.</arrivalTextEnemy>
    <letterLabelFriendly>Friendlies</letterLabelFriendly>
    <arrivalTextFriendly>They will prepare for a while before moving in to help you.</arrivalTextFriendly>
    <pointsFactor>1.0</pointsFactor>
    <selectionChance>1.0</selectionChance>
    <pawnsCanBringFood>false</pawnsCanBringFood>
    <arriveModes>
      <li>EdgeWalkIn</li>
    </arriveModes>
  </RaidStrategyDef>
  
  <RaidStrategyDef>
    <defName>ImmediateAttackSappers</defName>
    <workerClass>RaidStrategyWorker_ImmediateAttackSappers</workerClass>
    <letterLabelEnemy>Raid</letterLabelEnemy>
    <arrivalTextEnemy>It looks like they want to use sappers to tunnel around your defenses.</arrivalTextEnemy>
    <pointsFactor>0.80</pointsFactor>
    <selectionChance>2.0</selectionChance>
    <minPawns>2</minPawns>
    <minDaysPassed>30</minDaysPassed>
    <pawnsCanBringFood>false</pawnsCanBringFood>
    <arriveModes>
      <li>EdgeWalkIn</li>
    </arriveModes>
  </RaidStrategyDef>

  <RaidStrategyDef>
    <defName>Siege</defName>
    <workerClass>RaidStrategyWorker_Siege</workerClass>
    <letterLabelEnemy>Siege</letterLabelEnemy>
    <arrivalTextEnemy>It looks like they want to besiege the colony and pound you with artillery from a distance. You can try to wait them out - or go get them.</arrivalTextEnemy>
    <letterLabelFriendly>Friendlies</letterLabelFriendly>
    <arrivalTextFriendly>It looks like they want to use siege tactics to help you.</arrivalTextFriendly>
    <pointsFactor>0.6</pointsFactor>
    <selectionChance>1.1</selectionChance>
    <minPawns>4</minPawns>
    <minDaysPassed>15</minDaysPassed>
    <arriveModes>
      <li>EdgeWalkIn</li>
    </arriveModes>
  </RaidStrategyDef>

</Defs>