﻿<?xml version="1.0" encoding="utf-8" ?>
<ThingDefs>

  <ThingDef Name="CavePlantGlowerBase" Abstract="True">
    <category>Building</category>
    <thingClass>Building</thingClass>
    <soundImpactDefault>BulletImpactWood</soundImpactDefault>
    <drawerType>MapMeshAndRealTime</drawerType>
    <terrainAffordanceNeeded>Undefined</terrainAffordanceNeeded>
    <graphicData>
      <texPath>Things/Building/DummyTexture</texPath>
      <graphicClass>Graphic_Single</graphicClass>
    </graphicData>
    <AltitudeLayer>Floor</AltitudeLayer>
    <useHitPoints>false</useHitPoints>
    <selectable>false</selectable>
    <Size>(1,1)</Size>
    <Passability>Standable</Passability>
    <building>
      <isInert>true</isInert>
      <isEdifice>false</isEdifice>
      <deconstructible>false</deconstructible>
      <claimable>false</claimable>
    </building>
  </ThingDef>

  <ThingDef ParentName="CavePlantGlowerBase">
    <defName>StoneGrassGlower</defName>
    <label>glowing stone grass</label>
    <Description>Soft light of stone grass.</Description>
    <comps>
      <li Class="CompProperties_Glower">
        <glowRadius>2.5</glowRadius>
        <glowColor>(140,226,156,0)</glowColor>
      </li>
    </comps>
  </ThingDef>

  <ThingDef ParentName="CavePlantGlowerBase">
    <defName>GiantLeafGlower</defName>
    <label>glowing giant leaf</label>
    <Description>Energizing light of a juicy giant leaf.</Description>
    <comps>
      <li Class="CompProperties_Glower">
        <glowRadius>2.5</glowRadius>
        <glowColor>(140,226,156,0)</glowColor>
      </li>
    </comps>
  </ThingDef>

  <ThingDef ParentName="CavePlantGlowerBase">
    <defName>DevilTongueGlower</defName>
    <label>glowing devil's tongue</label>
    <Description>Crimson light of an open devil's tongue.</Description>
    <comps>
      <li Class="CompProperties_Glower">
        <glowRadius>4.5</glowRadius>
        <glowColor>(200,38,38,0)</glowColor>
      </li>
    </comps>
  </ThingDef>

  <ThingDef ParentName="CavePlantGlowerBase">
    <defName>CaveVineGlower</defName>
    <label>glowing cave vine</label>
    <Description>Deem light of a giant cave tree.</Description>
    <comps>
      <li Class="CompProperties_Glower">
        <glowRadius>3</glowRadius>
        <glowColor>(114,181,125,0)</glowColor>
      </li>
    </comps>
  </ThingDef>

  <ThingDef ParentName="CavePlantGlowerBase">
    <defName>CaveLaceGlower</defName>
    <label>glowing cave lace</label>
    <Description>Crystal and subtle light of a cave lace.</Description>
    <comps>
      <li Class="CompProperties_Glower">
        <glowRadius>3</glowRadius>
        <glowColor>(173,255,255,0)</glowColor>
      </li>
    </comps>
  </ThingDef>

</ThingDefs>