﻿<?xml version="1.0" encoding="utf-8" ?>
<ThingDefs>

  <ThingDef Name="PlantGlowerBase" Abstract="True">
    <category>Building</category>
    <thingClass>Building</thingClass>
    <soundImpactDefault>BulletImpactWood</soundImpactDefault>
    <drawerType>MapMeshAndRealTime</drawerType>
    <terrainAffordanceNeeded>Undefined</terrainAffordanceNeeded>
    <graphicData>
      <texPath>Things/Building/DummyTexture</texPath>
      <graphicClass>Graphic_Single</graphicClass>
    </graphicData>
    <AltitudeLayer>Floor</AltitudeLayer>
    <useHitPoints>false</useHitPoints>
    <selectable>false</selectable>
    <Size>(1,1)</Size>
    <Passability>Standable</Passability>
    <building>
      <isInert>true</isInert>
      <isEdifice>false</isEdifice>
      <deconstructible>false</deconstructible>
      <claimable>false</claimable>
    </building>
  </ThingDef>

  <ThingDef ParentName="PlantGlowerBase">
    <defName>ShimmershroomGlowerSmall</defName>
    <label>glowing shimmershroom</label>
    <Description>A small shimmershroom glower.</Description>
    <comps>
      <li Class="CompProperties_Glower">
        <glowRadius>1.2</glowRadius>
        <glowColor>(128,0,100,0)</glowColor>
      </li>
    </comps>
  </ThingDef>

  <ThingDef ParentName="PlantGlowerBase">
    <defName>ShimmershroomGlowerMedium</defName>
    <label>glowing shimmershroom</label>
    <Description>A medium shimmershroom glower.</Description>
    <comps>
      <li Class="CompProperties_Glower">
        <glowRadius>2</glowRadius>
        <glowColor>(115,0,128,0)</glowColor>
      </li>
    </comps>
  </ThingDef>

  <ThingDef ParentName="PlantGlowerBase">
    <defName>ShimmershroomGlowerBig</defName>
    <label>glowing shimmershroom</label>
    <Description>A big shimmershroom glower.</Description>
    <comps>
      <li Class="CompProperties_Glower">
        <glowRadius>3</glowRadius>
        <glowColor>(75,0,128,0)</glowColor>
      </li>
    </comps>
  </ThingDef>

  <ThingDef ParentName="PlantGlowerBase">
    <defName>GlowbulbGlowerSmall</defName>
    <label>glowing glowbulb</label>
    <Description>A small glowbulb glower.</Description>
    <comps>
      <li Class="CompProperties_Glower">
        <glowRadius>1.2</glowRadius>
        <glowColor>(0,0,128,0)</glowColor>
      </li>
    </comps>
  </ThingDef>

  <ThingDef ParentName="PlantGlowerBase">
    <defName>GlowbulbGlowerMedium</defName>
    <label>glowing glowbulb</label>
    <Description>A medium glowbulb glower.</Description>
    <comps>
      <li Class="CompProperties_Glower">
        <glowRadius>2.3</glowRadius>
        <glowColor>(0,64,128,0)</glowColor>
      </li>
    </comps>
  </ThingDef>

  <ThingDef ParentName="PlantGlowerBase">
    <defName>GlowbulbGlowerBig</defName>
    <label>glowing glowbulb</label>
    <Description>A big glowbulb glower.</Description>
    <comps>
      <li Class="CompProperties_Glower">
        <glowRadius>4</glowRadius>
        <glowColor>(0,128,128,0)</glowColor>
      </li>
    </comps>
  </ThingDef>

  <ThingDef ParentName="PlantGlowerBase">
    <defName>GleamcapGlowerSmall</defName>
    <label>glowing gleamcap</label>
    <Description>A small gleamcap glower.</Description>
    <comps>
      <li Class="CompProperties_Glower">
        <glowRadius>1.2</glowRadius>
        <glowColor>(45,128,60,0)</glowColor>
      </li>
    </comps>
  </ThingDef>

  <ThingDef ParentName="PlantGlowerBase">
    <defName>GleamcapGlowerMedium</defName>
    <label>glowing gleamcap</label>
    <Description>A medium gleamcap glower.</Description>
    <comps>
      <li Class="CompProperties_Glower">
        <glowRadius>2.5</glowRadius>
        <glowColor>(28,128,71,0)</glowColor>
      </li>
    </comps>
  </ThingDef>

  <ThingDef ParentName="PlantGlowerBase">
    <defName>GleamcapGlowerBig</defName>
    <label>glowing gleamcap</label>
    <Description>A big gleamcap glower.</Description>
    <comps>
      <li Class="CompProperties_Glower">
        <glowRadius>4</glowRadius>
        <glowColor>(0,128,85,0)</glowColor>
      </li>
    </comps>
  </ThingDef>

  <ThingDef ParentName="PlantGlowerBase">
    <defName>GleamcapSporeSpawner</defName>
    <label>spores</label>
    <Description>Building used to spawn gleamcap spores.</Description>
    <ThingClass>CaveworldFlora.GleamcapSporeSpawner</ThingClass>
    <TickerType>Normal</TickerType>
  </ThingDef>

  <!--=========================== Brightbells ==============================-->

  <ThingDef ParentName="PlantGlowerBase">
    <defName>BrightbellsGlowerSmall</defName>
    <label>glowing brightbells</label>
    <Description>A small shimmershroom glower.</Description>
    <comps>
      <li Class="CompProperties_Glower">
        <glowRadius>2</glowRadius>
        <glowColor>(125,125,125,0)</glowColor>
      </li>
    </comps>
  </ThingDef>

  <ThingDef ParentName="PlantGlowerBase">
    <defName>BrightbellsGlowerMedium</defName>
    <label>glowing brightbells</label>
    <Description>A medium shimmershroom glower.</Description>
    <comps>
      <li Class="CompProperties_Glower">
        <glowRadius>4</glowRadius>
        <glowColor>(185,185,185,0)</glowColor>
      </li>
    </comps>
  </ThingDef>

  <ThingDef ParentName="PlantGlowerBase">
    <defName>BrightbellsGlowerBig</defName>
    <label>glowing brightbells</label>
    <Description>A big shimmershroom glower.</Description>
    <comps>
      <li Class="CompProperties_Glower">
        <glowRadius>8</glowRadius>
        <glowColor>(255,255,255,0)</glowColor>
      </li>
    </comps>
  </ThingDef>

</ThingDefs>