<?xml version="1.0" encoding="utf-8" ?>
<Defs>

  <ResearchProjectDef>
    <defName>ResearchMobileMineralSonar</defName>
    <label>mobile mineral sonar</label>
    <description>Study the famous MiningCo. MiSoTech* to develop a mineral sonar able to scan and detect ore pockets in the heart of mountains.
    
* MiSoTech: Mineral Sonar Technology</description>
    <baseCost>1600</baseCost>
    <techLevel>Industrial</techLevel>
    <requiredResearchBuilding>HiTechResearchBench</requiredResearchBuilding>
    <prerequisites>
      <li>MicroelectronicsBasics</li>
    </prerequisites>
    <tab>MiningCo</tab>
    <researchViewX>0</researchViewX>
    <researchViewY>1</researchViewY>
  </ResearchProjectDef>

  <ResearchProjectDef>
    <defName>ResearchMobileMineralSonarEnhancedScan</defName>
    <label>mobile mineral sonar: enhanced scan</label>
    <description>By doing some code refactoring and optimisations in the MiSoTech* noise reduction algorithms, your can improve the mobile mineral sonar efficiency.

Mobile mineral sonar scan range is increased (30 -> 50).
Mobile mineral sonar detection chance is improved.

* MiSoTech: Mineral Sonar Technology</description>
    <baseCost>1000</baseCost>
    <techLevel>Industrial</techLevel>
    <prerequisites>
      <li>ResearchMobileMineralSonar</li>
    </prerequisites>
    <requiredResearchBuilding>HiTechResearchBench</requiredResearchBuilding>
    <requiredResearchFacilities>
      <li>MultiAnalyzer</li>
    </requiredResearchFacilities>
    <researchMods>
      <li Class="MobileMineralSonar.ResearchMod_MobileMineralSonar"></li>
    </researchMods>
    <tab>MiningCo</tab>
    <researchViewX>1</researchViewX>
    <researchViewY>1</researchViewY>
  </ResearchProjectDef>

</Defs>