<?xml version="1.0" encoding="utf-8" ?>
<Defs>

  <ResearchProjectDef>
    <defName>ResearchFishingPier</defName>
    <label>Fishing pier</label>
    <description>Learn to build solid piers over water. Can be used to relax or fish from a safe place.</description>
    <baseCost>800</baseCost>
    <techLevel>Neolithic</techLevel>
    <tab>FishIndustry</tab>
    <researchViewX>0</researchViewX>
    <researchViewY>0</researchViewY>
  </ResearchProjectDef>

  <ResearchProjectDef>
    <defName>ResearchAquaculture</defName>
    <label>Aquaculture</label>
    <description>Aquaculture basins are perfect to produce your own tasty seafood. Learn how to adapt your hydroponics into aquaculture basin to breed seafood.
    </description>
    <descriptionDiscovered>You have developped a modified version of the hydroponic basin: the aquaculture basin.
- You can now build the aquaculture basin to breed seafood.
- Aquaculture basins must be supplied some raw food to operate.
    </descriptionDiscovered>
    <baseCost>1400</baseCost>
    <techLevel>Industrial</techLevel>
    <prerequisites>
      <li>Hydroponics</li>
    </prerequisites>
    <tab>FishIndustry</tab>
    <researchViewX>1</researchViewX>
    <researchViewY>1</researchViewY>
  </ResearchProjectDef>
  
</Defs>