﻿<?xml version="1.0" encoding="utf-8" ?>
<Buildings>

  <ThingDef Name="BuildingBase" Abstract="True">
    <category>Building</category>
    <soundImpactDefault>BulletImpactMetal</soundImpactDefault>
    <selectable>true</selectable>
    <drawerType>MapMeshAndRealTime</drawerType>
    <terrainAffordanceNeeded>Light</terrainAffordanceNeeded>
    <repairEffect>Repair</repairEffect>
    <leaveResourcesWhenKilled>true</leaveResourcesWhenKilled>
    <filthLeaving>BuildingRubble</filthLeaving>
  </ThingDef>

  <ThingDef ParentName="BuildingBase">
    <defName>Pyre</defName>
    <label>pyre</label>
    <description>A big pile of wood. Can be lit to start a campfire party. Get your colonists even happier with some beers!</description>
    <thingClass>CampfireParty.Building_Pyre</thingClass>
    <category>Building</category>
    <graphicData>
      <texPath>Things/Building/Joy/Pyre</texPath>
      <graphicClass>Graphic_Single</graphicClass>
      <drawRotated>false</drawRotated>
      <drawSize>(3,3)</drawSize>
      <shadowData>
        <volume>(0.8, 1.0, 0.8)</volume>
      </shadowData>
    </graphicData>
    <castEdgeShadows>false</castEdgeShadows>
    <rotatable>false</rotatable>
    <size>(3,3)</size>
    <altitudeLayer>Waist</altitudeLayer>
    <passability>PassThroughOnly</passability>
    <pathCost>50</pathCost>
    <constructEffect>ConstructDirt</constructEffect>
    <tickerType>Normal</tickerType>
    <drawerType>RealtimeOnly</drawerType>
    <fillPercent>0.8</fillPercent>
    <statBases>
      <MaxHitPoints>250</MaxHitPoints>
      <WorkToMake>500</WorkToMake>
      <Flammability>0.0</Flammability>
    </statBases>
    <selectable>true</selectable>
    <costList>
      <WoodLog>300</WoodLog>
    </costList>
    <soundImpactDefault>BulletImpactWood</soundImpactDefault>
    <leaveResourcesWhenKilled>false</leaveResourcesWhenKilled>
    <placeWorkers>
      <li>CampfireParty.PlaceWorker_Pyre</li>
    </placeWorkers>
    <drawPlaceWorkersWhileSelected>true</drawPlaceWorkersWhileSelected>
    <designationCategory>Joy</designationCategory>
  </ThingDef>

  <ThingDef ParentName="BuildingBase">
    <defName>PyreFire</defName>
    <label>fire</label>
    <description>Dummy building only spawned to get glower and a heat pusher components.</description>
    <thingClass>Building</thingClass>
    <tickerType>Normal</tickerType>
    <category>Building</category>
    <graphicData>
      <texPath>Things/Building/Joy/DummyTexture</texPath>
      <graphicClass>Graphic_Single</graphicClass>
    </graphicData>
    <useHitPoints>false</useHitPoints>
    <fillPercent>0</fillPercent>
    <altitudeLayer>Terrain</altitudeLayer>
    <castEdgeShadows>false</castEdgeShadows>
    <selectable>false</selectable>
    <building>
      <isInert>true</isInert>
      <isEdifice>false</isEdifice>
      <deconstructible>false</deconstructible>
    </building>
    <comps>
      <li Class="CompProperties_Glower">
        <overlightRadius>7.0</overlightRadius>
        <glowRadius>15</glowRadius>
        <glowColor>(252,187,113,0)</glowColor>
      </li>
      <li Class="CompProperties_HeatPusher">
        <heatPerSecond>150</heatPerSecond>
        <heatPushMaxTemperature>60</heatPushMaxTemperature>
      </li>
      <li>
        <compClass>CompGatherSpot</compClass>
      </li>
    </comps>
  </ThingDef>

</Buildings>