﻿<?xml version="1.0" encoding="utf-8" ?>
<Defs>

  <ThingDef ParentName="BuildingBase">
    <defName>LaserFenceConsole</defName>
    <label>laser fence console</label>
    <description>A console to remotely reconfigure laser fences patterns.</description>
    <thingClass>LaserFence.Building_LaserFenceConsole</thingClass>
    <graphicData>
      <texPath>Things/Building/Security/LaserFenceConsole</texPath>
      <graphicClass>Graphic_Multi</graphicClass>
      <shadowData>
        <volume>(0.55, 0.30, 0.40)</volume>
      </shadowData>
      <damageData>
        <rectN>(0.078125,0.46875,0.859375,0.53125)</rectN>
        <rectS>(0.078125,0.46875,0.859375,0.53125)</rectS>
        <rectE>(0.125,0.46875,0.625,0.296875)</rectE>
        <rectW>(0.25,0.46875,0.625,0.296875)</rectW>
        <cornerTR>Damage/Corner</cornerTR>
      </damageData>
    </graphicData>
    <defaultPlacingRot>South</defaultPlacingRot>
    <researchPrerequisites>
      <li>ResearchLaserFence</li>
    </researchPrerequisites>
    <altitudeLayer>Building</altitudeLayer>
    <passability>PassThroughOnly</passability>
    <fillPercent>0.2</fillPercent>
    <statBases>
      <MaxHitPoints>150</MaxHitPoints>
      <WorkToBuild>6000</WorkToBuild>
      <Mass>20</Mass>
      <Flammability>0.5</Flammability>
    </statBases>
    <size>(1,1)</size>
    <hasInteractionCell>true</hasInteractionCell>
    <interactionCellOffset>(0,0,-1)</interactionCellOffset>
    <costList>
      <Steel>50</Steel>
      <ComponentIndustrial>3</ComponentIndustrial>
    </costList>
    <designationCategory>Security</designationCategory>
    <minifiedDef>MinifiedThing</minifiedDef>
    <thingCategories>
      <li>BuildingsSecurity</li>
    </thingCategories>
    <comps>
      <li Class="CompProperties_Power">
        <compClass>CompPowerTrader</compClass>
        <shortCircuitInRain>true</shortCircuitInRain>
        <basePowerConsumption>50</basePowerConsumption>
      </li>
      <li Class="CompProperties_Flickable"/>
    </comps>
    <constructionSkillPrerequisite>8</constructionSkillPrerequisite>
    <uiIconScale>0.85</uiIconScale>
  </ThingDef>

</Defs>
