﻿<?xml version="1.0" encoding="utf-8" ?>
<WorkGivers>

  <WorkGiverDef>
    <defName>HunterHunt</defName> <!-- Must override it to set its priority over the other fishing jobs. -->
    <label>hunt</label>
    <giverClass>WorkGiver_HunterHunt</giverClass>
    <workType>Hunting</workType>
    <priorityInType>100</priorityInType>
    <verb>hunt</verb>
    <gerund>hunting</gerund>
    <requiredCapacities>
      <li>Manipulation</li>
    </requiredCapacities>
  </WorkGiverDef>

  <WorkGiverDef>
    <defName>WorkGiver_HarvestAquacultureBasinProduction</defName>
    <giverClass>FishIndustry.WorkGiver_AquacultureBasin</giverClass>
    <workType>Hunting</workType>
    <priorityInType>92</priorityInType>
    <fixedBillGiverDefs>
      <li>AquacultureBasin</li>
    </fixedBillGiverDefs>
    <verb>harvest</verb>
    <gerund>harvesting</gerund>
    <requiredCapacities>
      <li>Manipulation</li>
    </requiredCapacities>
  </WorkGiverDef>

  <WorkGiverDef>
    <defName>WorkGiver_DoBillsAtAquacultureBasin</defName>
    <giverClass>WorkGiver_DoBill</giverClass>
    <workType>Hunting</workType>
    <priorityInType>91</priorityInType>
    <fixedBillGiverDefs>
      <li>AquacultureBasin</li>
    </fixedBillGiverDefs>
    <verb>supply</verb>
    <gerund>supplying</gerund>
    <requiredCapacities>
      <li>Manipulation</li>
    </requiredCapacities>
  </WorkGiverDef>

  <WorkGiverDef>
    <defName>FillAquacultureHopper</defName>
    <giverClass>FishIndustry.WorkGiver_FillAquacultureHopper</giverClass>
    <workType>Hunting</workType>
    <priorityInType>90</priorityInType>
    <verb>fill</verb>
    <gerund>filling</gerund>
    <requiredCapacities>
      <li>Manipulation</li>
    </requiredCapacities>
  </WorkGiverDef>

  <WorkGiverDef>
    <defName>WorkGiver_FishAtFishingPier</defName>
    <giverClass>FishIndustry.WorkGiver_FishingPier</giverClass>
    <workType>Hunting</workType>
    <priorityInType>89</priorityInType>
    <fixedBillGiverDefs>
      <li>FishingPier</li>
    </fixedBillGiverDefs>
    <verb>fish</verb>
    <gerund>fishing</gerund>
    <requiredCapacities>
      <li>Manipulation</li>
    </requiredCapacities>
  </WorkGiverDef>

</WorkGivers>