﻿<?xml version="1.0" encoding="utf-8" ?>
<Defs>

  <ThingDef>
    <defName>PowerFistRepeller</defName>
    <label>power fist repeller</label>
    <thingClass>PowerFist.PowerFistRepeller</thingClass>
    <category>None</category>
    <tickerType>Normal</tickerType>
    <useHitPoints>false</useHitPoints>
    <selectable>false</selectable>
    <graphicData>
      <texPath>Things/Special/DummyTexture</texPath>
      <graphicClass>Graphic_Single</graphicClass>
    </graphicData>
  </ThingDef>
  
</Defs>