<?xml version="1.0" encoding="UTF-8"?>

<Things>

  <ThingDef Name="MoteBase" Abstract="True">
    <thingClass>MoteThrown</thingClass>
    <label>Mote</label>
    <category>Mote</category>
    <graphicData>
      <graphicClass>Graphic_Mote</graphicClass>
      <shaderType>Mote</shaderType>
    </graphicData>
    <altitudeLayer>MoteLow</altitudeLayer>
    <tickerType>Normal</tickerType>
    <useHitPoints>false</useHitPoints>
    <isSaveable>false</isSaveable>
    <rotatable>false</rotatable>
  </ThingDef>

  <ThingDef ParentName="MoteBase">
    <defName>Mote_AdrenalineSmall</defName>
    <label>adrenaline</label>
    <description>Adrenaline mote.</description>
    <thingClass>MoteThrownAttached</thingClass>
    <graphicData>
      <texPath>Things/Mote/Mote_AdrenalineSmall</texPath>
    </graphicData>
    <mote>
      <attachedDrawOffset>(0.45, 0, 0.45)</attachedDrawOffset>
      <fadeInTime>0.25</fadeInTime>
      <solidTime>1</solidTime>
      <fadeOutTime>1.4</fadeOutTime>
    </mote>
    <altitudeLayer>MetaOverlays</altitudeLayer>
  </ThingDef>

  <ThingDef ParentName="MoteBase">
    <defName>Mote_AdrenalineMedium</defName>
    <label>adrenaline</label>
    <description>Adrenaline mote.</description>
    <thingClass>MoteThrownAttached</thingClass>
    <mote>
      <attachedDrawOffset>(0.45, 0, 0.45)</attachedDrawOffset>
      <fadeInTime>0.25</fadeInTime>
      <solidTime>1</solidTime>
      <fadeOutTime>1.4</fadeOutTime>
    </mote>
    <graphicData>
      <graphicClass>Graphic_Mote</graphicClass>
      <shaderType>Mote</shaderType>
      <texPath>Things/Mote/Mote_AdrenalineMedium</texPath>
    </graphicData>
    <altitudeLayer>MetaOverlays</altitudeLayer>
  </ThingDef>

</Things>