<?xml version="1.0" encoding="utf-8" ?>
<Defs>

<RecipeDef>
	<defName>MakeSushi</defName>
	<label>Make Sushi</label>
	<description>Craft a sushi roll from raw fish, vegs, and rice.</description>
	<jobString>Making Sushi.</jobString>

     <workAmount>1100</workAmount>
      <recipeUsers>
         <li>CookStove</li>
      </recipeUsers>
      <workSpeedStat>CookSpeed</workSpeedStat>
      <effectWorking>Cook</effectWorking>
      <soundWorking>Recipe_CookMeal</soundWorking>
	<ingredients>
	  <li>
	    <filter>
	      <thingDefs>
	        <li>RawRice</li>
	      </thingDefs>
	    </filter>
	    <count>10</count>
	  </li>
	  <li>
	    <filter>
	      <thingDefs>
	         <li>RawSeaFood_Mashgon</li>
              <li>RawSeaFood_SduigglesTentacle</li>
		   <li>RawSeaFood_BluebladeFilet</li>
		   <li>RawSeaFood_TailteethSteak</li>
	      </thingDefs>
	    </filter>
	    <count>5</count>
	  </li>
	
	</ingredients>
	<fixedIngredientFilter>
	  <thingDefs>
	    <li>RawRice</li>
         <li>RawSeaFood_Mashgon</li>
         <li>RawSeaFood_SduigglesTentacle</li>
		<li>RawSeaFood_BluebladeFilet</li>
		<li>RawSeaFood_TailteethSteak</li>
		</thingDefs>
			
	</fixedIngredientFilter>
	<products>
	  <Sushi>5</Sushi>
	</products>
		<skillRequirements>
			<li>
				<skill>Cooking</skill>
				<minLevel>6</minLevel>
			</li>
		</skillRequirements>

	<workSkill>Cooking</workSkill>
</RecipeDef>



</Defs>