﻿<?xml version="1.0" encoding="utf-8" ?>
<Defs>

  <ThingDef ParentName="BuildingBase">
    <defName>ProjectorTurret</defName>
    <label>projector turret</label>
    <description>A projector mounted on a turret chassis. Can automatically lock onto a nearby hostile. Can be built under roof.</description>
    <thingClass>Projector.Building_MobileProjectorTurret</thingClass>
    <graphicData>
      <texPath>Things/Building/Security/TurretMini_Base</texPath>
      <graphicClass>Graphic_Single</graphicClass>
      <drawSize>(3,3)</drawSize>
      <damageData>
        <rect>(0.2,0.2,0.6,0.6)</rect>
      </damageData>
      <shadowData>
        <volume>(0.27,0.25,0.27)</volume>
        <offset>(0,0,0)</offset>
      </shadowData>
    </graphicData>
    <uiIconPath>Things/Building/Security/MenuIcon_ProjectorTurret</uiIconPath>
    <uiIconScale>2.5</uiIconScale>
    <minifiedDef>MinifiedThing</minifiedDef>
    <thingCategories>
      <li>BuildingsSecurity</li>
    </thingCategories>
    <altitudeLayer>Building</altitudeLayer>
    <stealable>false</stealable>
    <rotatable>true</rotatable>
    <statBases>
      <MaxHitPoints>150</MaxHitPoints>
      <Flammability>1.0</Flammability>
      <WorkToBuild>1500</WorkToBuild>
      <Mass>25</Mass>
      <Beauty>-5</Beauty>
    </statBases>
    <tickerType>Normal</tickerType>
    <comps>
      <li Class="CompProperties_Forbiddable"/>
      <li Class="CompProperties_Power">
        <compClass>CompPowerTrader</compClass>
        <basePowerConsumption>100</basePowerConsumption>
      </li>
      <li Class="CompProperties_Flickable"/>
      <li Class="CompProperties_Breakdownable"/>
    </comps>
    <passability>PassThroughOnly</passability>
    <pathCost>50</pathCost>
    <fillPercent>0.4</fillPercent>
    <castEdgeShadows>false</castEdgeShadows>
    <hasTooltip>true</hasTooltip>
    <costList>
      <Steel>50</Steel>
      <ComponentIndustrial>1</ComponentIndustrial>
    </costList>
    <terrainAffordanceNeeded>Light</terrainAffordanceNeeded>
    <designationCategory>Security</designationCategory>
    <constructionSkillPrerequisite>3</constructionSkillPrerequisite>
    <specialDisplayRadius>25</specialDisplayRadius>
    <researchPrerequisites>
      <li>ResearchProjector</li>
    </researchPrerequisites>
    <placeWorkers>
      <li>Projector.PlaceWorker_DrawProjector</li>
    </placeWorkers>
  </ThingDef>
  
</Defs>