﻿<?xml version="1.0" encoding="utf-8" ?>
<Defs>

  <ThingDef ParentName="BuildingBase">
    <defName>MobileProjectorLight</defName>
    <label>projector light</label>
    <description>Projector light.</description>
    <graphicData>
      <texPath>Things/Building/Security/DummyTexture</texPath>
      <graphicClass>Graphic_Single</graphicClass>
    </graphicData>
    <selectable>false</selectable>
    <building>
      <isInert>true</isInert>
      <isEdifice>false</isEdifice>
      <deconstructible>false</deconstructible>
    </building>
    <comps>
      <li Class="CompProperties_Glower">
        <glowRadius>3.5</glowRadius>
        <overlightRadius>3</overlightRadius>
        <glowColor>(255,255,255,0)</glowColor>
      </li>
    </comps>
  </ThingDef>

</Defs>