﻿<?xml version="1.0" encoding="utf-8"?>
<Defs>

  <TraderKindDef>
    <defName>SpaceshipCargoPeriodicSupply</defName>
    <label>periodic supply</label>
    <commonality>0</commonality>
    <orbital>true</orbital>
    <stockGenerators>
      <li Class="StockGenerator_SingleDef">
        <thingDef>Silver</thingDef>
        <countRange>
          <min>1000</min>
          <max>2000</max>
        </countRange>
      </li>
      <li Class="StockGenerator_SingleDef">
        <thingDef>Component</thingDef>
        <price>Expensive</price>
        <countRange>
          <min>3</min>
          <max>10</max>
        </countRange>
      </li>
      <li Class="StockGenerator_SingleDef">
        <thingDef>Steel</thingDef>
        <price>Cheap</price>
        <countRange>
          <min>200</min>
          <max>600</max>
        </countRange>
      </li>
      <li Class="StockGenerator_SingleDef">
        <thingDef>Plasteel</thingDef>
        <price>Cheap</price>
        <countRange>
          <min>50</min>
          <max>200</max>
        </countRange>
      </li>
      <li Class="StockGenerator_SingleDef">
        <thingDef>Medicine</thingDef>
        <price>Expensive</price>
        <countRange>
          <min>1</min>
          <max>3</max>
        </countRange>
      </li>
      <li Class="StockGenerator_SingleDef">
        <thingDef>Gold</thingDef>
        <price>Expensive</price>
        <countRange>
          <min>40</min>
          <max>120</max>
        </countRange>
      </li>
      <li Class="StockGenerator_SingleDef">
        <thingDef>Chemfuel</thingDef>
        <countRange>
          <min>75</min>
          <max>400</max>
        </countRange>
      </li>
      <li Class="StockGenerator_SingleDef">
        <thingDef>MealSurvivalPack</thingDef>
        <countRange>
          <min>7</min>
          <max>20</max>
        </countRange>
      </li>
    </stockGenerators>
  </TraderKindDef>

  <TraderKindDef>
    <defName>SpaceshipCargoRequestedSupply</defName>
    <label>special delivery</label>
    <commonality>0</commonality>
    <orbital>true</orbital>
    <stockGenerators>
      <li Class="StockGenerator_SingleDef">
        <thingDef>Silver</thingDef>
        <countRange>
          <min>3000</min>
          <max>6000</max>
        </countRange>
      </li>
      <li Class="StockGenerator_SingleDef">
        <thingDef>Component</thingDef>
        <countRange>
          <min>15</min>
          <max>35</max>
        </countRange>
      </li>
      <li Class="StockGenerator_SingleDef">
        <thingDef>AdvancedComponent</thingDef>
        <price>Expensive</price>
        <countRange>
          <min>5</min>
          <max>12</max>
        </countRange>
      </li>
      <li Class="StockGenerator_SingleDef">
        <thingDef>Steel</thingDef>
        <price>Cheap</price>
        <countRange>
          <min>1750</min>
          <max>3000</max>
        </countRange>
      </li>
      <li Class="StockGenerator_SingleDef">
        <thingDef>Plasteel</thingDef>
        <price>Cheap</price>
        <countRange>
          <min>400</min>
          <max>1500</max>
        </countRange>
      </li>
			<li Class="StockGenerator_SingleDef">
				<thingDef>Medicine</thingDef>
				<countRange>
					<min>4</min>
					<max>8</max>
				</countRange>
			</li>
      <li Class="StockGenerator_SingleDef">
        <thingDef>Gold</thingDef>
        <countRange>
          <min>150</min>
          <max>650</max>
        </countRange>
      </li>
			<li Class="StockGenerator_SingleDef">
				<thingDef>Chemfuel</thingDef>
				<countRange>
					<min>600</min>
					<max>1500</max>
				</countRange>
			</li>
      <li Class="StockGenerator_SingleDef">
        <thingDef>MealSurvivalPack</thingDef>
        <countRange>
          <min>25</min>
          <max>80</max>
        </countRange>
      </li>
    </stockGenerators>
  </TraderKindDef>

  <TraderKindDef>
    <defName>SpaceshipCargoDamaged</defName>
    <label>damaged cargo</label>
    <commonality>0</commonality>
    <orbital>true</orbital>
    <stockGenerators>
      <li Class="StockGenerator_SingleDef">
        <thingDef>Plasteel</thingDef>
        <price>Cheap</price>
        <countRange>
          <min>15</min>
          <max>75</max>
        </countRange>
      </li>
      <li Class="StockGenerator_SingleDef">
        <thingDef>Gold</thingDef>
        <price>Expensive</price>
        <countRange>
          <min>5</min>
          <max>55</max>
        </countRange>
      </li>
      <li Class="StockGenerator_SingleDef">
        <thingDef>MealSurvivalPack</thingDef>
        <countRange>
          <min>12</min>
          <max>35</max>
        </countRange>
      </li>
    </stockGenerators>
  </TraderKindDef>

  <TraderKindDef>
    <defName>SpaceshipCargoDispatcher</defName>
    <label>dispatcher cargo</label>
    <commonality>0</commonality>
    <orbital>true</orbital>
    <stockGenerators>
      <li Class="StockGenerator_SingleDef">
        <thingDef>Chemfuel</thingDef>
        <countRange>
          <min>200</min>
          <max>600</max>
        </countRange>
      </li>
      <li Class="StockGenerator_SingleDef">
        <thingDef>MealSurvivalPack</thingDef>
        <countRange>
          <min>25</min>
          <max>100</max>
        </countRange>
      </li>
      <li Class="StockGenerator_SingleDef">
        <thingDef>Medicine</thingDef>
        <countRange>
          <min>4</min>
          <max>6</max>
        </countRange>
      </li>
      <li Class="StockGenerator_SingleDef">
        <thingDef>Gun_Autopistol</thingDef>
        <countRange>
          <min>1</min>
          <max>4</max>
        </countRange>
      </li>
      <li Class="StockGenerator_SingleDef">
        <thingDef>Gun_AssaultRifle</thingDef>
        <countRange>
          <min>-2</min>
          <max>2</max>
        </countRange>
      </li>
      <li Class="StockGenerator_SingleDef">
        <thingDef>Gun_ChargeRifle</thingDef>
        <countRange>
          <min>-4</min>
          <max>2</max>
        </countRange>
      </li>
      <li Class="StockGenerator_SingleDef">
        <thingDef>Gun_ChainShotgun</thingDef>
        <countRange>
          <min>-2</min>
          <max>2</max>
        </countRange>
      </li>
      <li Class="StockGenerator_SingleDef">
        <thingDef>Gun_Minigun</thingDef>
        <countRange>
          <min>-5</min>
          <max>1</max>
        </countRange>
      </li>
      <li Class="StockGenerator_SingleDef">
        <thingDef>Gun_SniperRifle</thingDef>
        <countRange>
          <min>-6</min>
          <max>2</max>
        </countRange>
      </li>
    </stockGenerators>
  </TraderKindDef>

  <TraderKindDef>
    <defName>SpaceshipCargoMedical</defName>
    <label>medical cargo</label>
    <commonality>0</commonality>
    <orbital>true</orbital>
    <stockGenerators>
      <li Class="StockGenerator_SingleDef">
        <thingDef>Silver</thingDef>
        <countRange>
          <min>1500</min>
          <max>2500</max>
        </countRange>
      </li>
      <li Class="StockGenerator_SingleDef">
        <thingDef>WakeUp</thingDef>
        <countRange>
          <min>8</min>
          <max>15</max>
        </countRange>
      </li>
      <li Class="StockGenerator_SingleDef">
        <thingDef>Penoxycyline</thingDef>
        <countRange>
          <min>40</min>
          <max>80</max>
        </countRange>
      </li>
      <li Class="StockGenerator_SingleDef">
        <thingDef>Medicine</thingDef>
        <price>Cheap</price>
        <countRange>
          <min>20</min>
          <max>35</max>
        </countRange>
      </li>
      <li Class="StockGenerator_SingleDef">
        <thingDef>GlitterworldMedicine</thingDef>
        <countRange>
          <min>10</min>
          <max>15</max>
        </countRange>
      </li>
      <li Class="StockGenerator_SingleDef">
        <thingDef>MealSurvivalPack</thingDef>
        <countRange>
          <min>20</min>
          <max>40</max>
        </countRange>
      </li>
    </stockGenerators>
  </TraderKindDef>

</Defs>