﻿<?xml version="1.0" encoding="utf-8" ?>
<Defs>

  <PawnKindDef ParentName="MiningCoPawnKindBase">
    <defName>MiningCoScout</defName>
    <label>scout</label>
    <combatPower>70</combatPower>
    <minGenerationAge>18</minGenerationAge>
    <maxGenerationAge>32</maxGenerationAge>
    <gearHealthRange>
      <min>0.8</min>
      <max>1.8</max>
    </gearHealthRange>
    <itemQuality>Good</itemQuality>
    <techHediffsMoney>
      <min>1000</min>
      <max>2000</max>
    </techHediffsMoney>
    <techHediffsTags>
      <li>Advanced</li>
    </techHediffsTags>
    <techHediffsChance>0.2</techHediffsChance>
    <inventoryOptions>
      <skipChance>0.8</skipChance>
      <subOptionsChooseOne>
        <li>
          <thingDef>Silver</thingDef>
          <countRange>
            <min>50</min>
            <max>120</max>
          </countRange>
        </li>
        <li>
          <thingDef>MedicineIndustrial</thingDef>
          <countRange>
            <min>1</min>
            <max>1</max>
          </countRange>
        </li>
      </subOptionsChooseOne>
    </inventoryOptions>
  </PawnKindDef>

</Defs>