﻿<?xml version="1.0" encoding="utf-8" ?>
<ThingDefinitions>

  <ThingDef>
    <defName>Cluster</defName>
    <label>cluster root</label>
    <description>Numerous and thick roots of a cave plant. Removing it will doom the entire cluster.</description>
    <thingClass>CaveworldFlora.Cluster</thingClass>
    <category>Plant</category>
    <altitudeLayer>FloorEmplacement</altitudeLayer>
    <useHitPoints>True</useHitPoints>
    <statBases>
      <MaxHitPoints>150</MaxHitPoints>
      <Beauty>5</Beauty>
      <Flammability>0.8</Flammability>
    </statBases>
    <tickerType>Long</tickerType>
    <selectable>true</selectable>
    <neverMultiSelect>True</neverMultiSelect>
    <drawerType>MapMeshOnly</drawerType>
    <pathCost>50</pathCost>
    <passability>PassThroughOnly</passability>
    <graphicData>
      <texPath>Things/Plant/Cluster/Cluster</texPath>
      <graphicClass>Graphic_Single</graphicClass>
    </graphicData>
    <hideAtSnowDepth>0.2</hideAtSnowDepth>
    <plant>
      <soundHarvesting>Harvest_Standard</soundHarvesting>
      <soundHarvestFinish>Harvest_Standard_Finish</soundHarvestFinish>
      <sowWork>3000</sowWork>
      <harvestWork>3000</harvestWork>
      <topWindExposure>0.0</topWindExposure>
    </plant>
  </ThingDef>

</ThingDefinitions>