﻿<?xml version="1.0" encoding="utf-8" ?>
<Defs>

  <ThingDef Abstract="True" Name="LeatherBase" ParentName="ResourceBase">
    <description>Tanned, dried, scraped skin. A good traditional material for making clothes and bags.</description>
    <graphicData>
      <texPath>Things/Item/Resource/Leather</texPath>
      <graphicClass>Graphic_StackCount</graphicClass>
    </graphicData>
    <statBases>
      <MaxHitPoints>60</MaxHitPoints>
      <DeteriorationRate>2</DeteriorationRate>
      <Mass>0.03</Mass>
      <Flammability>1</Flammability>
      <MarketValue>2.1</MarketValue>
      <StuffPower_Armor_Sharp>0.81</StuffPower_Armor_Sharp>
      <StuffPower_Armor_Blunt>0.24</StuffPower_Armor_Blunt>
      <StuffPower_Armor_Heat>1.5</StuffPower_Armor_Heat>
      <StuffPower_Insulation_Cold>16</StuffPower_Insulation_Cold>
      <StuffPower_Insulation_Heat>16</StuffPower_Insulation_Heat>
    </statBases>
    <thingCategories>
      <li>Leathers</li>
    </thingCategories>
    <stuffProps>
      <categories>
        <li>Leathery</li>
      </categories>
      <commonality>0.025</commonality>
      <statFactors>
        <MaxHitPoints>1.3</MaxHitPoints>
      </statFactors>
    </stuffProps>
  </ThingDef>

  <ThingDef ParentName="LeatherBase">
    <defName>Leather_Tailteeth</defName>
    <label>tailteeth leather</label>
    <description>Tanned, dried, scraped tailteeth skin. Very durable in combat it is however not adapted to cold climate.</description>
    <graphicData>
      <color>(59,86,49)</color>
    </graphicData>
    <statBases>
      <MarketValue>3.8</MarketValue>
      <StuffPower_Armor_Sharp>1.20</StuffPower_Armor_Sharp>
      <StuffPower_Insulation_Cold>12</StuffPower_Insulation_Cold>
      <StuffPower_Insulation_Heat>8</StuffPower_Insulation_Heat>
    </statBases>
    <stuffProps>
      <color>(59,86,49)</color>
      <commonality>0.025</commonality>
      <statFactors>
        <MaxHitPoints>1.5</MaxHitPoints>
      </statFactors>
    </stuffProps>
  </ThingDef>

</Defs>
