<?xml version="1.0" encoding="UTF-8"?>
<Defs>

  <ThingDef ParentName="MoteBase">
    <defName>Mote_FishMashgonEast</defName>
    <graphicData>
      <texPath>Things/Pawn/Animal/Fish/Mashgon_east</texPath>
    </graphicData>
    <altitudeLayer>MoteOverhead</altitudeLayer>
    <mote>
      <fadeInTime>1</fadeInTime>
      <solidTime>3</solidTime>
      <fadeOutTime>1</fadeOutTime>
    </mote>
  </ThingDef>

  <ThingDef ParentName="MoteBase">
    <defName>Mote_FishMashgonWest</defName>
    <graphicData>
      <texPath>Things/Pawn/Animal/Fish/Mashgon_west</texPath>
    </graphicData>
    <altitudeLayer>MoteOverhead</altitudeLayer>
    <mote>
      <fadeInTime>1</fadeInTime>
      <solidTime>3</solidTime>
      <fadeOutTime>1</fadeOutTime>
    </mote>
  </ThingDef>

  <ThingDef ParentName="MoteBase">
    <defName>Mote_FishBluebladeEast</defName>
    <graphicData>
      <texPath>Things/Pawn/Animal/Fish/Blueblade_east</texPath>
    </graphicData>
    <altitudeLayer>MoteOverhead</altitudeLayer>
    <mote>
      <fadeInTime>1</fadeInTime>
      <solidTime>3</solidTime>
      <fadeOutTime>1</fadeOutTime>
    </mote>
  </ThingDef>

  <ThingDef ParentName="MoteBase">
    <defName>Mote_FishBluebladeWest</defName>
    <graphicData>
      <texPath>Things/Pawn/Animal/Fish/Blueblade_west</texPath>
    </graphicData>
    <altitudeLayer>MoteOverhead</altitudeLayer>
    <mote>
      <fadeInTime>1</fadeInTime>
      <solidTime>3</solidTime>
      <fadeOutTime>1</fadeOutTime>
    </mote>
  </ThingDef>

  <ThingDef ParentName="MoteBase">
    <defName>Mote_FishTailteethEast</defName>
    <graphicData>
      <texPath>Things/Pawn/Animal/Fish/Tailteeth_east</texPath>
    </graphicData>
    <altitudeLayer>MoteOverhead</altitudeLayer>
    <mote>
      <fadeInTime>1</fadeInTime>
      <solidTime>3</solidTime>
      <fadeOutTime>1</fadeOutTime>
    </mote>
  </ThingDef>

  <ThingDef ParentName="MoteBase">
    <defName>Mote_FishTailteethWest</defName>
    <graphicData>
      <texPath>Things/Pawn/Animal/Fish/Tailteeth_west</texPath>
    </graphicData>
    <altitudeLayer>MoteOverhead</altitudeLayer>
    <mote>
      <fadeInTime>1</fadeInTime>
      <solidTime>3</solidTime>
      <fadeOutTime>1</fadeOutTime>
    </mote>
  </ThingDef>

</Defs>