﻿<?xml version="1.0" encoding="utf-8" ?>
<Defs>

  <ThingDef Name="ApparelBase" Abstract="True">
    <thingClass>Apparel</thingClass>
    <category>Item</category>
    <selectable>True</selectable>
    <pathCost>10</pathCost>
    <useHitPoints>True</useHitPoints>
		<techLevel>Medieval</techLevel>
    <graphicData>
      <onGroundRandomRotateAngle>35</onGroundRandomRotateAngle>
    </graphicData>
    <drawGUIOverlay>true</drawGUIOverlay>
    <statBases>
      <MaxHitPoints>100</MaxHitPoints>
      <Flammability>1.0</Flammability>
      <DeteriorationRate>2</DeteriorationRate>
			<Beauty>-3</Beauty>
		</statBases>
    <altitudeLayer>Item</altitudeLayer>
    <alwaysHaulable>True</alwaysHaulable>
    <tickerType>Never</tickerType>
    <comps>
      <li Class="CompProperties_Forbiddable"/>
      <li>
        <compClass>CompColorable</compClass>
      </li>
      <li>
        <compClass>CompQuality</compClass>
      </li>
    </comps>
  </ThingDef>

  <ThingDef Name="HatBase" ParentName="ApparelBase" Abstract="True">
    <thingCategories>
      <li>Headgear</li>
    </thingCategories>
  </ThingDef>

  <ThingDef Name="HatMakeableBase" ParentName="ApparelMakeableBase" Abstract="True">
    <thingCategories>
      <li>Headgear</li>
    </thingCategories>
  </ThingDef>

  <ThingDef Name="ArmorHelmetMakeableBase" ParentName="ArmorMachineableBase" Abstract="True">
    <thingCategories>
      <li>Headgear</li>
    </thingCategories>
  </ThingDef>

</Defs>
