﻿<?xml version="1.0" encoding="utf-8" ?>

<Buildings>

  <ThingDef Name="BuildingBase" Abstract="True">
    <category>Building</category>
    <thingClass>Building</thingClass>
    <soundImpactDefault>BulletImpactMetal</soundImpactDefault>
    <selectable>true</selectable>
    <drawerType>MapMeshAndRealTime</drawerType>
    <terrainAffordanceNeeded>Light</terrainAffordanceNeeded>
    <repairEffect>Repair</repairEffect>
    <leaveResourcesWhenKilled>true</leaveResourcesWhenKilled>
    <filthLeaving>BuildingRubble</filthLeaving>
  </ThingDef>

  <ThingDef ParentName="BuildingBase" Class="MobileMineralSonar.ThingDef_MobileMineralSonar">
    <defName>MobileMineralSonar</defName>
    <Label>mobile mineral sonar</Label>
    <ThingClass>MobileMineralSonar.Building_MobileMineralSonar</ThingClass>
    <tickerType>Normal</tickerType>
    <graphicData>
      <graphicClass>Graphic_Single</graphicClass>
      <texPath>Things/Building/MobileMineralSonar</texPath>
      <drawSize>(3,3)</drawSize>
    </graphicData>
    <uiIconPath>Things/Building/MenuIcon_MobileMineralSonar</uiIconPath>
    <DesignationCategory>Misc</DesignationCategory>
    <minifiedDef>MinifiedMobileMineralSonar</minifiedDef>
    <altitudeLayer>Building</altitudeLayer>
    <CostList>
      <Steel>50</Steel>
      <Component>5</Component>
    </CostList>
    <useHitPoints>True</useHitPoints>
    <Size>(1,1)</Size>
    <statBases>
      <WorkToMake>200</WorkToMake>
      <MaxHitPoints>200</MaxHitPoints>
      <Flammability>0.1</Flammability>
      <Mass>20</Mass>
    </statBases>
    <Passability>PassThroughOnly</Passability>
    <pathCost>30</pathCost>
    <researchPrerequisites>
      <li>ResearchMobileMineralSonar</li>
    </researchPrerequisites>
    <comps>
      <li Class="CompProperties_Power">
        <compClass>CompPowerTrader</compClass>
        <startElectricalFires>false</startElectricalFires>
        <basePowerConsumption>3000</basePowerConsumption>
      </li>
      <li Class="CompProperties_Flickable"/>
    </comps>
    <PlaceWorkers>
      <li>MobileMineralSonar.PlaceWorker_MobileMineralSonar</li>
    </PlaceWorkers>
    <leaveResourcesWhenKilled>true</leaveResourcesWhenKilled>
    <tradeTags>
      <li>Exotic</li>
    </tradeTags>

    <scannedThingDefs>
      <li>MineableSteel</li>
      <li>MineableSilver</li>
      <li>MineableGold</li>
      <li>MineableUranium</li>
      <li>MineablePlasteel</li>
      <li>MineableComponents</li>
      <li>AncientCryptosleepCasket</li>
    </scannedThingDefs>
  </ThingDef>

</Buildings>