﻿<?xml version="1.0" encoding="utf-8" ?>
<RecipeDefs>

  <!--=================== Aquaculture basin breeding ===============-->
  
  <RecipeDef>
    <defName>SupplyMashgonEggs</defName>
    <label>supply mashgon eggs</label>
    <description>Supply some eggs of a mashgon to breed. You only need to do it when there is no fish in the basin or you want to change the bred species.</description>
    <jobString>Supplying mashgon eggs.</jobString>
    <workAmount>300</workAmount>
    <ingredients>
      <li>
        <filter>
          <thingDefs>
            <li>ThingDefFishMashgon_Corpse</li>
          </thingDefs>
        </filter>
        <count>1</count>
      </li>
    </ingredients>
    <fixedIngredientFilter>
      <thingDefs>
        <li>ThingDefFishMashgon_Corpse</li>
      </thingDefs>
      <specialFiltersToDisallow>
        <li>AllowRotten</li>
      </specialFiltersToDisallow>
    </fixedIngredientFilter>
    <products>
      <ThingDefFishMashgon_Meat>5</ThingDefFishMashgon_Meat>
    </products>
  </RecipeDef>

  <RecipeDef>
    <defName>SupplyBluebladeEggs</defName>
    <label>supply blueblade eggs</label>
    <description>Supply some eggs of a blueblade to breed. You only need to do it when there is no fish in the basin or you want to change the bred species.</description>
    <jobString>Supplying blueblade eggs.</jobString>
    <workAmount>300</workAmount>
    <ingredients>
      <li>
        <filter>
          <thingDefs>
            <li>ThingDefFishBlueblade_Corpse</li>
          </thingDefs>
        </filter>
        <count>1</count>
      </li>
    </ingredients>
    <fixedIngredientFilter>
      <thingDefs>
        <li>ThingDefFishBlueblade_Corpse</li>
      </thingDefs>
      <specialFiltersToDisallow>
        <li>AllowRotten</li>
      </specialFiltersToDisallow>
    </fixedIngredientFilter>
    <products>
      <ThingDefFishBlueblade_Meat>10</ThingDefFishBlueblade_Meat>
    </products>
  </RecipeDef>

  <RecipeDef>
    <defName>SupplyTailteethEggs</defName>
    <label>supply tailteeth eggs</label>
    <description>Supply some eggs of a tailteeth to breed. You only need to do it when there is no fish in the basin or you want to change the bred species.</description>
    <jobString>Supplying tailteeth eggs.</jobString>
    <workAmount>300</workAmount>
    <ingredients>
      <li>
        <filter>
          <thingDefs>
            <li>ThingDefFishTailteeth_Corpse</li>
          </thingDefs>
        </filter>
        <count>1</count>
      </li>
    </ingredients>
    <fixedIngredientFilter>
      <thingDefs>
        <li>ThingDefFishTailteeth_Corpse</li>
      </thingDefs>
      <specialFiltersToDisallow>
        <li>AllowRotten</li>
      </specialFiltersToDisallow>
    </fixedIngredientFilter>
    <products>
      <ThingDefFishTailteeth_Meat>50</ThingDefFishTailteeth_Meat>
    </products>
  </RecipeDef>

  <!--=================== Campfire meal ===============-->
  
  <RecipeDef>
    <defName>GrillFishCampfire</defName>
    <label>grill fish</label>
    <description>Grills a fish so it can be eaten. Tasty and crunchy!</description>
    <jobString>Grilling fish.</jobString>
    <workSpeedStat>CookSpeed</workSpeedStat>
    <effectWorking>Cook</effectWorking>
    <soundWorking>Recipe_CookMeal</soundWorking>
    <workAmount>700</workAmount>
    <ingredients>
      <li>
        <filter>
          <categories>
            <li>Corpses</li>
          </categories>
        </filter>
        <count>1</count>
      </li>
    </ingredients>
    <products>
      <MealSimple>1</MealSimple>
    </products>
    <fixedIngredientFilter>
      <thingDefs>
        <li>ThingDefFishBlueblade_Corpse</li>
        <li>ThingDefFishSeasnake_Corpse</li>
      </thingDefs>
      <specialFiltersToDisallow>
        <li>AllowRotten</li>
      </specialFiltersToDisallow>
    </fixedIngredientFilter>
    <recipeUsers>
      <li>Campfire</li>
    </recipeUsers>
    <workSkill>Cooking</workSkill>
  </RecipeDef>

</RecipeDefs>