<?xml version="1.0" encoding="utf-8" ?>
<Defs>

  <ResearchProjectDef>
    <defName>ResearchAquaculture</defName>
    <label>Aquaculture</label>
    <description>Aquaculture basins are perfect to produce your own tasty seafood. Learn how to adapt your hydroponics into aquaculture basin to breed seafood.
    </description>
    <descriptionDiscovered>You have developped a modified version of the hydroponic basin: the aquaculture basin.
- You can now build the aquaculture basin to breed seafood.
- Aquaculture basins must be supplied some raw food to operate.
    </descriptionDiscovered>
    <baseCost>1400</baseCost>
    <techLevel>Industrial</techLevel>
    <prerequisites>
      <li>Hydroponics</li>
    </prerequisites>
    <researchViewX>3</researchViewX>
    <researchViewY>0.5</researchViewY>
  </ResearchProjectDef>
  
</Defs>