﻿<?xml version="1.0" encoding="utf-8" ?>
<Defs>

  <ThingDef Name="CavePlantBase" Abstract="True">
    <category>Plant</category>
    <thingClass>Plant</thingClass>
    <altitudeLayer>LowPlant</altitudeLayer>
    <useHitPoints>True</useHitPoints>
    <statBases>
      <Flammability>0.8</Flammability>
    </statBases>
    <tickerType>Long</tickerType>
    <selectable>False</selectable>
    <neverMultiSelect>True</neverMultiSelect>
    <drawerType>MapMeshOnly</drawerType>
    <pathCostIgnoreRepeat>false</pathCostIgnoreRepeat>
    <graphicData>
      <shaderType>CutoutPlant</shaderType>
    </graphicData>
    <ingestible>
      <foodType>Plant</foodType>
      <preferability>RawBad</preferability>
    </ingestible>
    <plant>
      <harvestDestroys>true</harvestDestroys>
      <soundHarvesting>Harvest_Standard</soundHarvesting>
      <soundHarvestFinish>Harvest_Standard_Finish</soundHarvestFinish>
      <harvestWork>190</harvestWork>
      <sowWork>260</sowWork>
      <topWindExposure>0.1</topWindExposure>
      <visualSizeRange>
        <min>0.3</min>
        <max>1.00</max>
      </visualSizeRange>
    </plant>
  </ThingDef>

  <ThingDef ParentName="CavePlantBase" Name="CaveTreeBase" Abstract="True">
    <statBases>
      <MaxHitPoints>300</MaxHitPoints>
    </statBases>
    <description>A tree.</description>
    <altitudeLayer>Building</altitudeLayer>
    <selectable>true</selectable>
    <fillPercent>0.43</fillPercent>
    <graphicData>
      <shadowData>
        <volume>(0.3, 0.3, 0.3)</volume>
      </shadowData>
    </graphicData>
    <passability>PassThroughOnly</passability>
    <pathCost>130</pathCost>
    <blockWind>true</blockWind>
    <ingestible>
      <foodType>Tree</foodType>
      <preferability>RawBad</preferability>
      <nutrition>1.50</nutrition>
    </ingestible>
    <plant>
      <soundHarvesting>Harvest_Tree</soundHarvesting>
      <soundHarvestFinish>Harvest_Tree_Finish</soundHarvestFinish>
      <sowWork>1500</sowWork>
      <harvestWork>800</harvestWork>
      <harvestDestroys>true</harvestDestroys>
      <harvestedThingDef>WoodLog</harvestedThingDef>
      <harvestYield>50</harvestYield>
      <harvestTag>Wood</harvestTag>
      <harvestMinGrowth>0.40</harvestMinGrowth>
      <harvestFailable>false</harvestFailable>
      <blockAdjacentSow>true</blockAdjacentSow>
      <visualSizeRange>
        <min>1.3</min>
        <max>2.0</max>
      </visualSizeRange>
      <fertilityMin>0.3</fertilityMin>
      <topWindExposure>0.25</topWindExposure>
    </plant>
  </ThingDef>
  
  <ThingDef ParentName="CavePlantBase" Class="CaveworldFlora.ThingDef_ClusterPlant">
    <defName>StoneGrass</defName>
    <label>stone grass</label>
    <thingClass>CaveworldFlora.ClusterPlant</thingClass>
    <description>This kind of grass only grows in deep and dark caves. The soft light emanating from a field of stone grass is appeasing.</description>
    <statBases>
      <MaxHitPoints>85</MaxHitPoints>
      <Beauty>3</Beauty>
    </statBases>
    <graphicData>
      <texPath>Things/Plant/StoneGrass</texPath>
      <graphicClass>Graphic_Random</graphicClass>
    </graphicData>
    <hideAtSnowDepth>0.5</hideAtSnowDepth>
    <ingestible>
      <nutrition>0.15</nutrition>
    </ingestible>
    <plant>
      <leaflessGraphicPath>Things/Plant/Grass_Leafless</leaflessGraphicPath>
      <harvestWork>40</harvestWork>
      <maxMeshCount>9</maxMeshCount>
      <visualSizeRange>
        <min>0.4</min>
        <max>0.6</max>
      </visualSizeRange>
      <growDays>2.5</growDays>
      <seedEmitMTBDays>0.2</seedEmitMTBDays>
      <topWindExposure>0.4</topWindExposure>
    </plant>

    <minGrowTemperature>0</minGrowTemperature>
    <minOptimalGrowTemperature>10</minOptimalGrowTemperature>
    <maxOptimalGrowTemperature>45</maxOptimalGrowTemperature>
    <maxGrowTemperature>50</maxGrowTemperature>
    <hasStaticGlower>true</hasStaticGlower>
    <hasDynamicGlower>false</hasDynamicGlower>
    <growOnlyOnRoughRock>false</growOnlyOnRoughRock>
    <growOnlyUndeRoof>false</growOnlyUndeRoof>
    <growOnlyNearNaturalRock>false</growOnlyNearNaturalRock>
    <minFertility>0.05</minFertility>
    <maxFertility>999.0</maxFertility>
    <minLight>0.0</minLight>
    <maxLight>0.6</maxLight>
    <clusterSizeRange>
      <min>40</min>
      <max>70</max>
    </clusterSizeRange>
    <clusterSpawnRadius>5.0</clusterSpawnRadius>
    <clusterExclusivityRadiusOffset>0</clusterExclusivityRadiusOffset>
    <clusterExclusivityRadiusFactor>0.3</clusterExclusivityRadiusFactor>
    <isSymbiosisPlant>false</isSymbiosisPlant>
    <symbiosisPlantDefEvolution>GiantLeaf</symbiosisPlantDefEvolution>
  </ThingDef>

  <ThingDef ParentName="CavePlantBase" Class="CaveworldFlora.ThingDef_ClusterPlant">
    <defName>GiantLeaf</defName>
    <label>giant leaf</label>
    <thingClass>CaveworldFlora.ClusterPlant</thingClass>
    <description>A giant and very impressive leaf. Gathering water and mineral elements from the ground, it can be prepared as a soup.</description>
    <statBases>
      <MaxHitPoints>85</MaxHitPoints>
      <Beauty>15</Beauty>
    </statBases>
    <graphicData>
      <texPath>Things/Plant/GiantLeaf</texPath>
      <graphicClass>Graphic_Random</graphicClass>
    </graphicData>
    <hideAtSnowDepth>0.7</hideAtSnowDepth>
    <ingestible>
      <nutrition>0.20</nutrition>
    </ingestible>
    <plant>
      <harvestWork>400</harvestWork>
      <harvestDestroys>true</harvestDestroys>
      <harvestedThingDef>RawGiantLeaf</harvestedThingDef>
      <harvestYield>20</harvestYield>
      <maxMeshCount>1</maxMeshCount>
      <visualSizeRange>
        <min>0.6</min>
        <max>1.0</max>
      </visualSizeRange>
      <growDays>3.5</growDays>
      <seedEmitMTBDays>0.3</seedEmitMTBDays>
      <topWindExposure>0.6</topWindExposure>
    </plant>

    <minGrowTemperature>0</minGrowTemperature>
    <minOptimalGrowTemperature>10</minOptimalGrowTemperature>
    <maxOptimalGrowTemperature>40</maxOptimalGrowTemperature>
    <maxGrowTemperature>50</maxGrowTemperature>
    <hasStaticGlower>true</hasStaticGlower>
    <hasDynamicGlower>false</hasDynamicGlower>
    <growOnlyOnRoughRock>false</growOnlyOnRoughRock>
    <growOnlyUndeRoof>false</growOnlyUndeRoof>
    <growOnlyNearNaturalRock>false</growOnlyNearNaturalRock>
    <minFertility>0.05</minFertility>
    <maxFertility>999.0</maxFertility>
    <minLight>0.0</minLight>
    <maxLight>0.6</maxLight>
    <clusterSizeRange>
      <min>5</min>
      <max>9</max>
    </clusterSizeRange>
    <clusterSpawnRadius>4.0</clusterSpawnRadius>
    <clusterExclusivityRadiusOffset>4</clusterExclusivityRadiusOffset>
    <clusterExclusivityRadiusFactor>0.3</clusterExclusivityRadiusFactor>
    <isSymbiosisPlant>true</isSymbiosisPlant>
    <symbiosisPlantDefSource>StoneGrass</symbiosisPlantDefSource>
  </ThingDef>

  <ThingDef ParentName="CavePlantBase" Class="CaveworldFlora.ThingDef_ClusterPlant">
    <defName>DevilTongue</defName>
    <label>devil's tongue</label>
    <description>Local tribesmen call these plants "devil's tongue" because of their color. They also know that when their light goes down, something is approaching... threat or foe?</description>
    <thingClass>CaveworldFlora.ClusterPlant_DevilTongue</thingClass>
    <tickerType>Normal</tickerType>
    <statBases>
      <MaxHitPoints>120</MaxHitPoints>
      <Beauty>25</Beauty>
    </statBases>
    <drawerType>MapMeshAndRealTime</drawerType>
    <graphicData>
      <texPath>Things/Plant/DevilTongue/Body</texPath>
      <graphicClass>Graphic_Random</graphicClass>
      <shadowData>
        <volume>(0.6, 0.2, 0.6)</volume>
      </shadowData>
    </graphicData>
    <selectable>true</selectable>
    <fillPercent>0.25</fillPercent>
    <pathCost>30</pathCost>
    <ingestible>
      <preferability>NeverForNutrition</preferability>
      <nutrition>0.0</nutrition>
    </ingestible>
    <plant>
      <harvestWork>400</harvestWork>
      <harvestDestroys>false</harvestDestroys>
      <visualSizeRange>
        <min>0.8</min>
        <max>1.0</max>
      </visualSizeRange>
      <growDays>5.0</growDays>
      <seedEmitMTBDays>0.5</seedEmitMTBDays>
      <topWindExposure>0</topWindExposure>
    </plant>

    <minGrowTemperature>0</minGrowTemperature>
    <minOptimalGrowTemperature>15</minOptimalGrowTemperature>
    <maxOptimalGrowTemperature>40</maxOptimalGrowTemperature>
    <maxGrowTemperature>55</maxGrowTemperature>
    <hasStaticGlower>false</hasStaticGlower>
    <hasDynamicGlower>false</hasDynamicGlower>
    <growOnlyOnRoughRock>false</growOnlyOnRoughRock>
    <growOnlyUndeRoof>false</growOnlyUndeRoof>
    <growOnlyNearNaturalRock>false</growOnlyNearNaturalRock>
    <minFertility>0.05</minFertility>
    <maxFertility>999.0</maxFertility>
    <minLight>0.0</minLight>
    <maxLight>0.6</maxLight>
    <clusterSizeRange>
      <min>5</min>
      <max>10</max>
    </clusterSizeRange>
    <clusterSpawnRadius>5.0</clusterSpawnRadius>
    <clusterExclusivityRadiusOffset>0</clusterExclusivityRadiusOffset>
    <clusterExclusivityRadiusFactor>3</clusterExclusivityRadiusFactor>
    <isSymbiosisPlant>false</isSymbiosisPlant>
    <symbiosisPlantDefEvolution>BlackLotus</symbiosisPlantDefEvolution>
  </ThingDef>

  <ThingDef ParentName="CavePlantBase" Class="CaveworldFlora.ThingDef_ClusterPlant">
    <defName>BlackLotus</defName>
    <label>black lotus</label>
    <description>TODO</description>
    <thingClass>CaveworldFlora.ClusterPlant_BlackLotus</thingClass>
    <tickerType>Normal</tickerType>
    <statBases>
      <MaxHitPoints>250</MaxHitPoints>
      <Beauty>85</Beauty>
    </statBases>
    <drawerType>MapMeshOnly</drawerType>
    <graphicData>
      <texPath>Things/Plant/BlackLotus</texPath>
      <graphicClass>Graphic_Random</graphicClass>
      <shadowData>
        <volume>(0.6, 0.2, 0.6)</volume>
      </shadowData>
    </graphicData>
    <selectable>true</selectable>
    <fillPercent>0.40</fillPercent>
    <pathCost>30</pathCost>
    <ingestible>
      <preferability>NeverForNutrition</preferability>
      <nutrition>0.0</nutrition>
    </ingestible>
    <plant>
      <harvestWork>800</harvestWork>
      <harvestDestroys>true</harvestDestroys>
      <visualSizeRange>
        <min>0.8</min>
        <max>1.2</max>
      </visualSizeRange>
      <growDays>30.0</growDays>
      <seedEmitMTBDays>3.0</seedEmitMTBDays>
      <topWindExposure>0</topWindExposure>
    </plant>

    <minGrowTemperature>0</minGrowTemperature>
    <minOptimalGrowTemperature>20</minOptimalGrowTemperature>
    <maxOptimalGrowTemperature>50</maxOptimalGrowTemperature>
    <maxGrowTemperature>60</maxGrowTemperature>
    <hasStaticGlower>false</hasStaticGlower>
    <hasDynamicGlower>false</hasDynamicGlower>
    <growOnlyOnRoughRock>false</growOnlyOnRoughRock>
    <growOnlyUndeRoof>false</growOnlyUndeRoof>
    <growOnlyNearNaturalRock>false</growOnlyNearNaturalRock>
    <minFertility>0.05</minFertility>
    <maxFertility>999.0</maxFertility>
    <minLight>0.0</minLight>
    <maxLight>0.6</maxLight>
    <clusterSizeRange>
      <min>1</min>
      <max>1</max>
    </clusterSizeRange>
    <clusterSpawnRadius>1.0</clusterSpawnRadius>
    <clusterExclusivityRadiusOffset>10</clusterExclusivityRadiusOffset>
    <clusterExclusivityRadiusFactor>5</clusterExclusivityRadiusFactor>
    <isSymbiosisPlant>true</isSymbiosisPlant>
    <symbiosisPlantDefSource>DevilTongue</symbiosisPlantDefSource>
  </ThingDef>

  <ThingDef ParentName="CaveTreeBase" Class="CaveworldFlora.ThingDef_ClusterPlant">
    <defName>CaveVine</defName>
    <label>cave vine</label>
    <description>A tortured cave vine growing really slowly. Its branches are really tough thanks to the numerous underground minerals this plant absorbs.</description>
    <thingClass>CaveworldFlora.ClusterPlant</thingClass>
    <statBases>
      <Beauty>-15</Beauty>
    </statBases>
    <graphicData>
      <texPath>Things/Plant/TreeOak_Leafless</texPath>
      <graphicClass>Graphic_Random</graphicClass>
    </graphicData>
    <ingestible>
      <nutrition>0.25</nutrition>
    </ingestible>
    <plant>
      <growDays>30</growDays>
      <seedEmitMTBDays>3.0</seedEmitMTBDays>
      <topWindExposure>0.1</topWindExposure>
      <harvestWork>1200</harvestWork>
      <harvestYield>60</harvestYield>
    </plant>

    <minGrowTemperature>0</minGrowTemperature>
    <minOptimalGrowTemperature>5</minOptimalGrowTemperature>
    <maxOptimalGrowTemperature>45</maxOptimalGrowTemperature>
    <maxGrowTemperature>50</maxGrowTemperature>
    <hasStaticGlower>false</hasStaticGlower>
    <hasDynamicGlower>false</hasDynamicGlower>
    <growOnlyOnRoughRock>true</growOnlyOnRoughRock>
    <growOnlyUndeRoof>false</growOnlyUndeRoof>
    <growOnlyNearNaturalRock>true</growOnlyNearNaturalRock>
    <minFertility>0.0</minFertility>
    <maxFertility>999.0</maxFertility>
    <minLight>0.0</minLight>
    <maxLight>0.6</maxLight>
    <clusterSizeRange>
      <min>2</min>
      <max>5</max>
    </clusterSizeRange>
    <clusterSpawnRadius>2.0</clusterSpawnRadius>
    <clusterExclusivityRadiusOffset>4</clusterExclusivityRadiusOffset>
    <clusterExclusivityRadiusFactor>0.5</clusterExclusivityRadiusFactor>
    <isSymbiosisPlant>false</isSymbiosisPlant>
  </ThingDef>

  <ThingDef ParentName="CaveTreeBase" Class="CaveworldFlora.ThingDef_ClusterPlant">
    <defName>CaveLace</defName>
    <label>cave lace</label>
    <description>A rapid growing and aerial liana. One can almost see through its delicate and fragile branches.</description>
    <thingClass>CaveworldFlora.ClusterPlant</thingClass>
    <statBases>
      <Beauty>5</Beauty>
    </statBases>
    <graphicData>
      <texPath>Things/Plant/TreePoplar_Leafless</texPath>
      <graphicClass>Graphic_Random</graphicClass>
    </graphicData>
    <ingestible>
      <nutrition>0.15</nutrition>
    </ingestible>
    <plant>
      <growDays>5</growDays>
      <seedEmitMTBDays>0.5</seedEmitMTBDays>
      <topWindExposure>0.3</topWindExposure>
      <harvestWork>600</harvestWork>
      <harvestYield>15</harvestYield>
    </plant>

    <minGrowTemperature>0</minGrowTemperature>
    <minOptimalGrowTemperature>10</minOptimalGrowTemperature>
    <maxOptimalGrowTemperature>40</maxOptimalGrowTemperature>
    <maxGrowTemperature>50</maxGrowTemperature>
    <hasStaticGlower>true</hasStaticGlower>
    <hasDynamicGlower>false</hasDynamicGlower>
    <growOnlyOnRoughRock>true</growOnlyOnRoughRock>
    <growOnlyUndeRoof>false</growOnlyUndeRoof>
    <growOnlyNearNaturalRock>true</growOnlyNearNaturalRock>
    <minFertility>0.0</minFertility>
    <maxFertility>999.0</maxFertility>
    <minLight>0.0</minLight>
    <maxLight>0.6</maxLight>
    <clusterSizeRange>
      <min>4</min>
      <max>7</max>
    </clusterSizeRange>
    <clusterSpawnRadius>4.0</clusterSpawnRadius>
    <clusterExclusivityRadiusOffset>8</clusterExclusivityRadiusOffset>
    <clusterExclusivityRadiusFactor>2</clusterExclusivityRadiusFactor>
    <isSymbiosisPlant>false</isSymbiosisPlant>
  </ThingDef>

</Defs>