﻿<?xml version="1.0" encoding="utf-8" ?>
<RecipeDefs>

  <RecipeDef>
    <defName>MakeFishingRod</defName>
    <label>Make fishing rod</label>
    <description>Make a fishing rod with some wood, a string and a piece of steel for the hook.</description>
    <jobString>Making fishing rod.</jobString>
    <workSpeedStat>SmithingSpeed</workSpeedStat>
    <effectWorking>Cook</effectWorking>
    <soundWorking>Recipe_MakeWoodPlanks_Hand</soundWorking>
    <workAmount>800</workAmount>
    <ingredients>
      <li>
        <filter>
          <thingDefs>
            <li>WoodLog</li>
          </thingDefs>
        </filter>
        <count>20</count>
      </li>
      <li>
        <filter>
          <thingDefs>
            <li>Cloth</li>
          </thingDefs>
        </filter>
        <count>10</count>
      </li>
      <li>
        <filter>
          <thingDefs>
            <li>Steel</li>
          </thingDefs>
        </filter>
        <count>10</count>
      </li>
    </ingredients>
    <fixedIngredientFilter>
      <thingDefs>
        <li>WoodLog</li>
        <li>Cloth</li>
        <li>Steel</li>
      </thingDefs>
    </fixedIngredientFilter>
    <products>
      <FishingRod>1</FishingRod>
    </products>
    <workSkill>Crafting</workSkill>
  </RecipeDef>

  <RecipeDef Parent="PrepareFishRecipeBase">
    <defName>PrepareSduiggles</defName>
    <label>prepare sduiggles</label>
    <jobString>Preparing sduiggles.</jobString>
    <description>Chop down a sduiggles to get its 7 gelatinous tentacles.</description>
    <workAmount>300</workAmount>
    <workSkill>Cooking</workSkill>
    <workSpeedStat>ButcheryFleshSpeed</workSpeedStat>
    <efficiencyStat>ButcheryFleshEfficiency</efficiencyStat>
    <effectWorking>ButcherFlesh</effectWorking>
    <soundWorking>Recipe_ButcherCorpseFlesh</soundWorking>
    <ingredients>
      <li>
        <filter>
          <thingDefs>
            <li>Fish_Sduiggles</li>
          </thingDefs>
        </filter>
        <count>3</count>
      </li>
    </ingredients>
    <fixedIngredientFilter>
      <thingDefs>
        <li>Fish_Sduiggles</li>
      </thingDefs>
    </fixedIngredientFilter>
    <products>
      <RawSeaFood_SduigglesTentacle>21</RawSeaFood_SduigglesTentacle>
  </products>
    <recipeUsers>
      <li>TableButcher</li>
    </recipeUsers>
  </RecipeDef>

  <RecipeDef Parent="PrepareFishRecipeBase">
    <defName>PrepareSeasnake</defName>
    <label>gut seasnake</label>
    <jobString>Gutting seasnake.</jobString>
    <description>Gut fresh seasnakes to get cookable fish filets.</description>
    <workAmount>600</workAmount>
    <workSkill>Cooking</workSkill>
    <workSpeedStat>ButcheryFleshSpeed</workSpeedStat>
    <efficiencyStat>ButcheryFleshEfficiency</efficiencyStat>
    <effectWorking>ButcherFlesh</effectWorking>
    <soundWorking>Recipe_ButcherCorpseFlesh</soundWorking>
    <ingredients>
      <li>
        <filter>
          <thingDefs>
            <li>Fish_Seasnake</li>
          </thingDefs>
        </filter>
        <count>4</count>
      </li>
    </ingredients>
    <fixedIngredientFilter>
      <thingDefs>
        <li>Fish_Seasnake</li>
      </thingDefs>
    </fixedIngredientFilter>
    <products>
      <RawSeaFood_SeasnakeFilet>40</RawSeaFood_SeasnakeFilet>
    </products>
    <recipeUsers>
      <li>TableButcher</li>
    </recipeUsers>
  </RecipeDef>

  <RecipeDef Parent="PrepareFishRecipeBase">
    <defName>PrepareBlueblade</defName>
    <label>gut blueblade</label>
    <jobString>Gutting blueblade.</jobString>
    <description>Gut fresh blueblades to get cookable fish filets.</description>
    <workAmount>500</workAmount>
    <workSkill>Cooking</workSkill>
    <workSpeedStat>ButcheryFleshSpeed</workSpeedStat>
    <efficiencyStat>ButcheryFleshEfficiency</efficiencyStat>
    <effectWorking>ButcherFlesh</effectWorking>
    <soundWorking>Recipe_ButcherCorpseFlesh</soundWorking>
    <ingredients>
      <li>
        <filter>
          <thingDefs>
            <li>Fish_Blueblade</li>
          </thingDefs>
        </filter>
        <count>6</count>
      </li>
    </ingredients>
    <fixedIngredientFilter>
      <thingDefs>
        <li>Fish_Blueblade</li>
      </thingDefs>
    </fixedIngredientFilter>
    <products>
      <RawSeaFood_BluebladeFilet>60</RawSeaFood_BluebladeFilet>
    </products>
    <recipeUsers>
      <li>TableButcher</li>
    </recipeUsers>
  </RecipeDef>

  <RecipeDef Parent="PrepareFishRecipeBase">
    <defName>ButcherTailteeth</defName>
    <label>butcher tailteeth</label>
    <jobString>Butchering tailteeth.</jobString>
    <description>Butcher a tailteeth to obtain highly nutritious steaks.</description>
    <workAmount>1200</workAmount>
    <workSkill>Cooking</workSkill>
    <workSpeedStat>ButcheryFleshSpeed</workSpeedStat>
    <efficiencyStat>ButcheryFleshEfficiency</efficiencyStat>
    <effectWorking>ButcherFlesh</effectWorking>
    <soundWorking>Recipe_ButcherCorpseFlesh</soundWorking>
    <ingredients>
      <li>
        <filter>
          <thingDefs>
            <li>Fish_Tailteeth</li>
          </thingDefs>
        </filter>
        <count>1</count>
      </li>
    </ingredients>
    <fixedIngredientFilter>
      <thingDefs>
        <li>Fish_Tailteeth</li>
      </thingDefs>
    </fixedIngredientFilter>
    <products>
      <RawSeaFood_TailteethSteak>150</RawSeaFood_TailteethSteak>
    </products>
    <recipeUsers>
      <li>TableButcher</li>
    </recipeUsers>
  </RecipeDef>

  <!--=================== Aquaculture basin breeding ===============-->
  
  <RecipeDef>
    <defName>SupplyMashgonEggs</defName>
    <label>supply mashgon eggs</label>
    <description>Supply some eggs of a mashgon to breed. You only need to do it when there is no fish in the basin or you want to change the bred species.</description>
    <jobString>Supplying mashgon eggs.</jobString>
    <workAmount>300</workAmount>
    <ingredients>
      <li>
        <filter>
          <thingDefs>
            <li>Fish_Mashgon</li>
          </thingDefs>
        </filter>
        <count>1</count>
      </li>
    </ingredients>
    <fixedIngredientFilter>
      <thingDefs>
        <li>Fish_Mashgon</li>
      </thingDefs>
    </fixedIngredientFilter>
    <products>
      <Fish_Mashgon>1</Fish_Mashgon>
    </products>
  </RecipeDef>

  <RecipeDef>
    <defName>SupplyBluebladeEggs</defName>
    <label>supply blueblade eggs</label>
    <description>Supply some eggs of a blueblade to breed. You only need to do it when there is no fish in the basin or you want to change the bred species.</description>
    <jobString>Supplying blueblade eggs.</jobString>
    <workAmount>300</workAmount>
    <ingredients>
      <li>
        <filter>
          <thingDefs>
            <li>Fish_Blueblade</li>
          </thingDefs>
        </filter>
        <count>1</count>
      </li>
    </ingredients>
    <fixedIngredientFilter>
      <thingDefs>
        <li>Fish_Blueblade</li>
      </thingDefs>
    </fixedIngredientFilter>
    <products>
      <Fish_Blueblade>1</Fish_Blueblade>
    </products>
  </RecipeDef>

  <RecipeDef>
    <defName>SupplyTailteethEggs</defName>
    <label>supply tailteeth eggs</label>
    <description>Supply some eggs of a tailteeth to breed. You only need to do it when there is no fish in the basin or you want to change the bred species.</description>
    <jobString>Supplying tailteeth eggs.</jobString>
    <workAmount>300</workAmount>
    <ingredients>
      <li>
        <filter>
          <thingDefs>
            <li>Fish_Tailteeth</li>
          </thingDefs>
        </filter>
        <count>1</count>
      </li>
    </ingredients>
    <fixedIngredientFilter>
      <thingDefs>
        <li>Fish_Tailteeth</li>
      </thingDefs>
    </fixedIngredientFilter>
    <products>
      <Fish_Tailteeth>1</Fish_Tailteeth>
    </products>
  </RecipeDef>

  <!--=================== Campfire meal ===============-->
  
  <RecipeDef>
    <defName>GrillFishCampfire</defName>
    <label>grill fish</label>
    <description>Grills a fish so it can be eaten. Tasty and crunchy!</description>
    <jobString>Grilling fish.</jobString>
    <workSpeedStat>CookSpeed</workSpeedStat>
    <effectWorking>Cook</effectWorking>
    <soundWorking>Recipe_CookMeal</soundWorking>
    <workAmount>700</workAmount>
    <ingredients>
      <li>
        <filter>
          <thingDefs>
            <li>Fish_Blueblade</li>
          </thingDefs>
        </filter>
        <count>1</count>
      </li>
    </ingredients>
    <products>
      <MealSimple>1</MealSimple>
    </products>
    <fixedIngredientFilter>
      <thingDefs>
        <li>Fish_Blueblade</li>
      </thingDefs>
    </fixedIngredientFilter>
    <recipeUsers>
      <li>Campfire</li>
    </recipeUsers>
    <workSkill>Cooking</workSkill>
  </RecipeDef>

</RecipeDefs>