﻿<?xml version="1.0" encoding="utf-8" ?>
<Defs>

  <ThingDef Name="PlantBase" Abstract="True">
    <category>Plant</category>
    <thingClass>Plant</thingClass>
    <altitudeLayer>LowPlant</altitudeLayer>
    <useHitPoints>True</useHitPoints>
    <statBases>
      <Flammability>0.8</Flammability>
    </statBases>
    <tickerType>Long</tickerType>
    <selectable>False</selectable>
    <neverMultiSelect>True</neverMultiSelect>
    <drawerType>MapMeshOnly</drawerType>
    <graphicData>
      <shaderType>CutoutPlant</shaderType>
    </graphicData>
    <plant>
      <harvestDestroys>true</harvestDestroys>
      <soundHarvesting>Harvest_Standard</soundHarvesting>
      <soundHarvestFinish>Harvest_Standard_Finish</soundHarvestFinish>
      <harvestWork>150</harvestWork>
      <sowWork>150</sowWork>
      <fertilityMin>0.5</fertilityMin>
      <fertilityFactorGrowthRate>1.0</fertilityFactorGrowthRate>
      <topWindExposure>0.1</topWindExposure>
      <visualSizeRange>
        <min>0.3</min>
        <max>1.00</max>
      </visualSizeRange>
      <growMinGlow>0</growMinGlow>
    </plant>
  </ThingDef>

  <ThingDef ParentName="PlantBase">
    <defName>Shimmershroom</defName>
    <label>shimmershroom</label>
    <description>Some nice and tasty caveworld shimmershrooms. Much appreciated for their delicate taste and nutrition qualities by caveworlds inhabitants.</description>
    <thingClass>CaveworldFlora.CavePlant</thingClass>
    <statBases>
      <MaxHitPoints>25</MaxHitPoints>
      <Flammability>0.4</Flammability>
      <Beauty>10</Beauty>
    </statBases>
    <graphicData>
      <texPath>Things/Plant/Shimmershroom</texPath>
      <graphicClass>Graphic_Random</graphicClass>
      <shadowData>
        <volume>(0.3, 0.3, 0.2)</volume>
      </shadowData>
    </graphicData>
    <selectable>true</selectable>
    <fillPercent>0.10</fillPercent>
    <pathCost>15</pathCost>
    <ingestible>
      <foodType>Plant</foodType>
      <preferability>NeverForNutrition</preferability>
      <nutrition>0.15</nutrition>
    </ingestible>
    <plant>
      <topWindExposure>0</topWindExposure>
      <harvestMinGrowth>0.90</harvestMinGrowth>
      <harvestWork>50</harvestWork>
      <harvestTag>Standard</harvestTag>
      <harvestDestroys>True</harvestDestroys>
      <harvestedThingDef>RawShimmershroom</harvestedThingDef>
      <harvestYield>5</harvestYield>
      <wildCommonalityMaxFraction>0.6</wildCommonalityMaxFraction> <!--Proportion of this cave plant in the world (compared to other cave plants).-->
      <wildClusterRadius>2</wildClusterRadius> <!--Cluster exclusivity radius factor.-->
      <wildClusterSizeRange>
        <min>3</min>
        <max>6</max>
      </wildClusterSizeRange>
      <visualSizeRange>
        <min>0.4</min>
        <max>0.8</max>
      </visualSizeRange>
      <growDays>5</growDays>
      <sowTags>
        <li>Fungiponics</li>
      </sowTags>
      <sowResearchPrerequisites>
        <li>ResearchFungiponics</li>
      </sowResearchPrerequisites>
      <sowMinSkill>7</sowMinSkill>
    </plant>
  </ThingDef>

  <ThingDef ParentName="PlantBase">
    <defName>Glowbulb</defName>
    <label>glowbulb</label>
    <description>A glowing bulb, the best friend of miners in dark galleries. While being nutritious, its very rough taste make it better used as a cooked ingredient.</description>
    <thingClass>CaveworldFlora.CavePlant</thingClass>
    <statBases>
      <MaxHitPoints>65</MaxHitPoints>
      <Flammability>0.4</Flammability>
      <Beauty>15</Beauty>
    </statBases>
    <graphicData>
      <texPath>Things/Plant/Glowbulb</texPath>
      <graphicClass>Graphic_Random</graphicClass>
      <shadowData>
        <volume>(0.3, 0.4, 0.3)</volume>
      </shadowData>
    </graphicData>
    <selectable>true</selectable>
    <fillPercent>0.15</fillPercent>
    <pathCost>15</pathCost>
    <ingestible>
      <foodType>Plant</foodType>
      <preferability>NeverForNutrition</preferability>
      <nutrition>0.20</nutrition>
    </ingestible>
    <plant>
      <topWindExposure>0</topWindExposure>
      <harvestMinGrowth>0.90</harvestMinGrowth>
      <harvestWork>50</harvestWork>
      <harvestTag>Standard</harvestTag>
      <harvestDestroys>True</harvestDestroys>
      <harvestedThingDef>RawGlowbulb</harvestedThingDef>
      <harvestYield>8</harvestYield>
      <wildCommonalityMaxFraction>0.3</wildCommonalityMaxFraction> <!--Proportion of this cave plant in the world (compared to other cave plants).-->
      <wildClusterRadius>2</wildClusterRadius> <!--Cluster exclusivity radius factor.-->
      <wildClusterSizeRange>
        <min>1</min>
        <max>5</max>
      </wildClusterSizeRange>
      <visualSizeRange>
        <min>0.4</min>
        <max>0.8</max>
      </visualSizeRange>
      <growDays>7</growDays>
      <sowTags>
        <li>Fungiponics</li>
      </sowTags>
      <sowResearchPrerequisites>
        <li>ResearchFungiponics</li>
      </sowResearchPrerequisites>
    </plant>
  </ThingDef>

  <ThingDef ParentName="PlantBase">
    <defName>Gleamcap</defName>
    <label>gleamcap</label>
    <description>A massive caveworld mushroom. Known for its natural healing properties by caveworld tenders.</description>
    <thingClass>CaveworldFlora.CavePlant_Gleamcap</thingClass>
    <statBases>
      <MaxHitPoints>90</MaxHitPoints>
      <Flammability>0.3</Flammability>
      <Beauty>25</Beauty>
    </statBases>
    <graphicData>
      <texPath>Things/Plant/Gleamcap</texPath>
      <graphicClass>Graphic_Random</graphicClass>
      <shadowData>
        <volume>(0.5, 0.5, 0.4)</volume>
      </shadowData>
    </graphicData>
    <selectable>true</selectable>
    <fillPercent>0.20</fillPercent>
    <pathCost>15</pathCost>
    <ingestible>
      <foodType>Plant</foodType>
      <preferability>NeverForNutrition</preferability>
      <nutrition>0.40</nutrition>
    </ingestible>
    <plant>
      <topWindExposure>0</topWindExposure>
      <harvestMinGrowth>0.90</harvestMinGrowth>
      <harvestWork>100</harvestWork>
      <harvestTag>Standard</harvestTag>
      <harvestDestroys>True</harvestDestroys>
      <harvestedThingDef>GleamcapStem</harvestedThingDef>
      <harvestYield>2</harvestYield>
      <wildCommonalityMaxFraction>0.1</wildCommonalityMaxFraction> <!--Proportion of this cave plant in the world (compared to other cave plants).-->
      <wildClusterRadius>4</wildClusterRadius> <!--Cluster exclusivity radius factor.-->
      <wildClusterSizeRange>
        <min>1</min>
        <max>3</max>
      </wildClusterSizeRange>
      <visualSizeRange>
        <min>0.3</min>
        <max>1.2</max>
      </visualSizeRange>
      <growDays>12</growDays>
      <sowTags>
        <li>Fungiponics</li>
      </sowTags>
      <sowResearchPrerequisites>
        <li>ResearchFungiponics</li>
      </sowResearchPrerequisites>
      <sowMinSkill>8</sowMinSkill>
    </plant>
  </ThingDef>

  <ThingDef ParentName="PlantBase">
    <defName>Brightbells</defName>
    <label>brightbells</label>
    <description>A very elegant fungus. Remarkable by the light emitted by the little bulbs ending its fragile branches. It is often used by caveworld people as a natural lightning. Its fibrous texture renders it not edible though.</description>
    <thingClass>CaveworldFlora.CavePlant</thingClass>
    <statBases>
      <MaxHitPoints>15</MaxHitPoints>
      <Flammability>0.3</Flammability>
      <Beauty>35</Beauty>
    </statBases>
    <graphicData>
      <texPath>Things/Plant/Brightbells</texPath>
      <graphicClass>Graphic_Random</graphicClass>
      <shadowData>
        <volume>(0.3, 0.3, 0.3)</volume>
      </shadowData>
    </graphicData>
    <altitudeLayer>Item</altitudeLayer>
    <selectable>true</selectable>
    <fillPercent>0.20</fillPercent>
    <pathCost>15</pathCost>
    <ingestible>
      <foodType>Plant</foodType>
      <preferability>NeverForNutrition</preferability>
      <nutrition>0.10</nutrition>
    </ingestible>
    <plant>
      <topWindExposure>0</topWindExposure>
      <harvestMinGrowth>0.90</harvestMinGrowth>
      <harvestWork>100</harvestWork>
      <harvestTag>Standard</harvestTag>
      <harvestDestroys>True</harvestDestroys>
      <wildCommonalityMaxFraction>0.2</wildCommonalityMaxFraction>
      <!--Proportion of this cave plant in the world (compared to other cave plants).-->
      <wildClusterRadius>6</wildClusterRadius>
      <!--Cluster exclusivity radius factor.-->
      <wildClusterSizeRange>
        <min>1</min>
        <max>2</max>
      </wildClusterSizeRange>
      <visualSizeRange>
        <min>0.3</min>
        <max>1.05</max>
      </visualSizeRange>
      <growDays>1</growDays>
      <lifespanFraction>7</lifespanFraction>
      <sowTags>
        <li>Decorative</li>
      </sowTags>
      <sowResearchPrerequisites>
        <li>ResearchFungiponics</li>
      </sowResearchPrerequisites>
    </plant>
  </ThingDef>

</Defs>