﻿<?xml version="1.0" encoding="utf-8" ?>
<Defs>

  <!--================== Bases ==================-->

  <ThingDef Name="ResourceBase" Abstract="True">
    <thingClass>ThingWithComps</thingClass>
    <label>unspecified resource</label>
    <category>Item</category>
    <resourceReadoutPriority>Middle</resourceReadoutPriority>
    <useHitPoints>true</useHitPoints>
    <selectable>true</selectable>
    <altitudeLayer>Item</altitudeLayer>
    <stackLimit>75</stackLimit>
    <comps>
      <li Class="CompProperties_Forbiddable"/>
    </comps>
    <alwaysHaulable>true</alwaysHaulable>
    <drawGUIOverlay>true</drawGUIOverlay>
    <rotatable>false</rotatable>
    <pathCost>15</pathCost>
  </ThingDef>

  <!--=============== Luxury ====================-->

  <ThingDef ParentName="ResourceBase">
    <defName>Oyster</defName>
    <label>oyster</label>
    <description>A tasty mollusc traditionally eaten alive with some lemon juice.</description>
    <thingClass>FishIndustry.Item_Oyster</thingClass>
    <graphicData>
      <texPath>Things/Item/Resource/Oyster</texPath>
      <graphicClass>Graphic_Single</graphicClass>
    </graphicData>
    <soundInteract>Standard_Drop</soundInteract>
    <soundDrop>Standard_Drop</soundDrop>
		<socialPropernessMatters>true</socialPropernessMatters>
    <statBases>
      <MaxHitPoints>100</MaxHitPoints>
      <MarketValue>2</MarketValue>
      <Flammability>1.0</Flammability>
    </statBases>
    <thingCategories>
      <li>FoodMeals</li>
    </thingCategories>
    <ingestible>
      <preferability>NeverForNutrition</preferability>
      <foodType>Processed</foodType>
      <nutrition>0.02</nutrition>
      <joy>0.10</joy>
      <joyKind>Gluttonous</joyKind>
      <maxNumToIngestAtOnce>6</maxNumToIngestAtOnce>
      <ingestEffect>EatVegetarian</ingestEffect>
      <ingestSound>Meal_Eat</ingestSound>
    </ingestible>
  </ThingDef>

</Defs>