﻿<?xml version="1.0" encoding="utf-8" ?>
<Defs>

	<IncidentDef>
		<defName>Spaceship_DamagedSpaceship</defName>
		<label>damaged spaceship</label>
		<category>Misc</category>
    <targetTypes>
      <li>MapPlayerHome</li>
    </targetTypes>
		<workerClass>Spaceship.IncidentWorker_DamagedSpaceship</workerClass>
		<baseChance>0.5</baseChance>
	</IncidentDef>

	<IncidentDef>
		<defName>Spaceship_DispatcherDrop</defName>
		<label>dispatcher drop</label>
		<category>Misc</category>
    <targetTypes>
      <li>MapPlayerHome</li>
    </targetTypes>
		<workerClass>Spaceship.IncidentWorker_DispatcherDrop</workerClass>
		<baseChance>1.5</baseChance>
	</IncidentDef>

	<IncidentDef>
		<defName>Spaceship_DispatcherPick</defName>
		<label>dispatcher pick</label>
		<category>Misc</category>
    <targetTypes>
      <li>MapPlayerHome</li>
    </targetTypes>
		<workerClass>Spaceship.IncidentWorker_DispatcherPick</workerClass>
		<baseChance>1.5</baseChance>
	</IncidentDef>

</Defs>