﻿<?xml version="1.0" encoding="utf-8" ?>
<Defs>

  <!--=============== Luxury ====================-->

  <ThingDef ParentName="ResourceBase">
    <defName>Oyster</defName>
    <label>oyster</label>
    <description>A tasty mollusc traditionally eaten alive with some lemon juice.</description>
    <thingClass>FishIndustry.Item_Oyster</thingClass>
    <graphicData>
      <texPath>Things/Item/Resource/Oyster</texPath>
      <graphicClass>Graphic_StackCount</graphicClass>
    </graphicData>
    <soundInteract>Standard_Drop</soundInteract>
    <soundDrop>Standard_Drop</soundDrop>
		<socialPropernessMatters>true</socialPropernessMatters>
    <statBases>
      <MaxHitPoints>100</MaxHitPoints>
      <MarketValue>4</MarketValue>
      <Flammability>0.3</Flammability>
      <DeteriorationRate>8</DeteriorationRate>
      <Nutrition>0.15</Nutrition>
      <Mass>0.075</Mass>
    </statBases>
    <thingCategories>
      <li>Foods</li>
    </thingCategories>
    <ingestible>
      <preferability>DesperateOnly</preferability>
      <foodType>Processed</foodType>
      <joy>0.10</joy>
      <joyKind>Gluttonous</joyKind>
      <maxNumToIngestAtOnce>6</maxNumToIngestAtOnce>
      <ingestEffect>EatVegetarian</ingestEffect>
      <ingestSound>Meal_Eat</ingestSound>
    </ingestible>
  </ThingDef>

</Defs>