﻿<?xml version="1.0" encoding="utf-8" ?>
<Defs>

  <ThingDef ParentName="ResourceBase">
    <defName>Pearl</defName>
    <label>pearl</label>
    <description>A beautiful pearl. Useless as many luxuries but so nice to wear!</description>
    <graphicData>
      <texPath>Things/Item/Resource/Pearl</texPath>
      <graphicClass>Graphic_StackCount</graphicClass>
    </graphicData>
    <resourceReadoutPriority>Middle</resourceReadoutPriority>
    <drawGUIOverlay>true</drawGUIOverlay>
    <soundInteract>Metal_Drop</soundInteract>
    <soundDrop>Metal_Drop</soundDrop>
    <stackLimit>200</stackLimit>
    <useHitPoints>true</useHitPoints>
    <statBases>
      <MarketValue>250</MarketValue>
      <MaxHitPoints>20</MaxHitPoints>
      <Flammability>0.2</Flammability>
      <Mass>0.005</Mass>
    </statBases>
    <thingCategories>
      <li>Items</li>
    </thingCategories>
    <tradeTags>
      <li>Exotic</li>
    </tradeTags>
  </ThingDef>
  
</Defs>
