<?xml version="1.0" encoding="UTF-8"?>
<Defs>

  <ThingDef ParentName="MoteBase">
    <defName>Mote_FishingRodNorth</defName>
    <description>Fishing rod.</description>
    <mote>
      <solidTime>60</solidTime>
      <needsMaintenance>true</needsMaintenance>
    </mote>
    <graphicData>
      <texPath>Things/Mote/FishingRodNorth</texPath>
    </graphicData>
    <altitudeLayer>MoteLow</altitudeLayer>
  </ThingDef>

  <ThingDef ParentName="MoteBase">
    <defName>Mote_FishingRodEast</defName>
    <description>Fishing rod.</description>
    <mote>
      <solidTime>60</solidTime>
      <needsMaintenance>true</needsMaintenance>
    </mote>
    <graphicData>
      <texPath>Things/Mote/FishingRodEast</texPath>
    </graphicData>
    <altitudeLayer>MoteLow</altitudeLayer>
  </ThingDef>

  <ThingDef ParentName="MoteBase">
    <defName>Mote_FishingRodSouth</defName>
    <description>Fishing rod.</description>
    <mote>
      <solidTime>60</solidTime>
      <needsMaintenance>true</needsMaintenance>
    </mote>
    <graphicData>
      <texPath>Things/Mote/FishingRodSouth</texPath>
    </graphicData>
    <altitudeLayer>MoteLow</altitudeLayer>
  </ThingDef>

  <ThingDef ParentName="MoteBase">
    <defName>Mote_FishingRodWest</defName>
    <description>Fishing rod.</description>
    <mote>
      <solidTime>60</solidTime>
      <needsMaintenance>true</needsMaintenance>
    </mote>
    <graphicData>
      <texPath>Things/Mote/FishingRodWest</texPath>
    </graphicData>
    <altitudeLayer>MoteLow</altitudeLayer>
  </ThingDef>

</Defs>