﻿<?xml version="1.0" encoding="utf-8" ?>
<Defs>

  <GenStepDef>
    <defName>CaveElevation</defName>
    <mapGenerator>BasicMapGenerator</mapGenerator>
    <order>11</order>
    <genStep Class="CaveBiome.GenStep_CaveElevation"/>
  </GenStepDef>

  <GenStepDef>
    <defName>CaveRoof</defName>
    <mapGenerator>BasicMapGenerator</mapGenerator>
    <order>211</order>
    <genStep Class="CaveBiome.GenStep_CaveRoof"/>
  </GenStepDef>
  
  <!-- Voluntarily override the base GenStep. -->
  <GenStepDef>
    <defName>FindPlayerStartSpot</defName>
    <mapGenerator>BasicMapGenerator</mapGenerator>
    <order>600</order>
    <genStep Class="CaveBiome.GenStep_CaveFindPlayerStartSpot"/>
  </GenStepDef>

  <GenStepDef>
    <defName>GenStep_CaveInitializeWeatherAndLight</defName>
    <mapGenerator>BasicMapGenerator</mapGenerator>
    <order>701</order>
    <genStep Class="CaveBiome.GenStep_CaveInitializeWeatherAndLight"/>
  </GenStepDef>

  <GenStepDef>
    <defName>GenStep_CaveSetRules</defName>
    <mapGenerator>BasicMapGenerator</mapGenerator>
    <order>702</order>
    <genStep Class="CaveBiome.GenStep_CaveSetRules"/>
  </GenStepDef>

  <!-- Voluntarily override the base GenStep. -->
  <GenStepDef>
    <defName>Plants</defName>
    <mapGenerator>BasicMapGenerator</mapGenerator>
    <order>800</order>
    <genStep Class="CaveBiome.GenStep_CavePlants"/>
  </GenStepDef>

</Defs>