﻿<?xml version="1.0" encoding="utf-8" ?>
<Defs>

  <ThingDef>
    <defName>LaserRay</defName>
    <label>laser ray</label>
    <category>Projectile</category>
    <thingClass>Weapons.Projectile_LaserDrawer</thingClass>
    <scatterableOnMapGen>false</scatterableOnMapGen>
    <tickerType>Normal</tickerType>
    <graphicData>
      <texPath>Things/Projectile/Laser_Big_Blue</texPath>
      <graphicClass>Graphic_Single</graphicClass>
    </graphicData>
    <altitudeLayer>Projectile</altitudeLayer>
    <useHitPoints>false</useHitPoints>
    <selectable>false</selectable>
    <drawOffscreen>true</drawOffscreen>
  </ThingDef>

</Defs>
