﻿<?xml version="1.0" encoding="utf-8" ?>
<Defs>

  <PawnKindDef ParentName="MiningCoPawnKindBase">
    <defName>MiningCoPilot</defName>
    <label>spaceship pilot</label>
    <combatPower>120</combatPower>
    <minGenerationAge>22</minGenerationAge>
    <maxGenerationAge>45</maxGenerationAge>
    <gearHealthRange>
      <min>0.7</min>
      <max>2.3</max>
    </gearHealthRange>
    <itemQuality>Superior</itemQuality>
    <techHediffsMoney>
      <min>1500</min>
      <max>1500</max>
    </techHediffsMoney>
    <techHediffsTags>
      <li>Advanced</li>
    </techHediffsTags>
    <techHediffsChance>0.5</techHediffsChance>
    <inventoryOptions>
      <skipChance>0.8</skipChance>
      <subOptionsChooseOne>
        <li>
          <thingDef>Silver</thingDef>
          <countRange>
            <min>50</min>
            <max>200</max>
          </countRange>
        </li>
        <li>
          <thingDef>Medicine</thingDef>
          <countRange>
            <min>1</min>
            <max>2</max>
          </countRange>
        </li>
      </subOptionsChooseOne>
    </inventoryOptions>
  </PawnKindDef>

</Defs>