﻿<?xml version="1.0" encoding="utf-8" ?>
<Defs>

  <PawnKindDef ParentName="MiningCoPawnKindBase">
    <defName>MiningCoMiner</defName>
    <label>miner</label>
    <combatPower>50</combatPower>
    <minGenerationAge>18</minGenerationAge>
    <maxGenerationAge>45</maxGenerationAge>
    <gearHealthRange>
      <min>0.7</min>
      <max>1.8</max>
    </gearHealthRange>
    <itemQuality>Normal</itemQuality>
    <techHediffsMoney>
      <min>300</min>
      <max>500</max>
    </techHediffsMoney>
    <techHediffsTags>
      <li>Simple</li>
    </techHediffsTags>
    <techHediffsChance>0.3</techHediffsChance>
    <inventoryOptions>
      <skipChance>0.8</skipChance>
      <subOptionsChooseOne>
        <li>
          <thingDef>Silver</thingDef>
          <countRange>
            <min>20</min>
            <max>70</max>
          </countRange>
        </li>
        <li>
          <thingDef>Medicine</thingDef>
          <countRange>
            <min>1</min>
            <max>1</max>
          </countRange>
        </li>
      </subOptionsChooseOne>
    </inventoryOptions>
  </PawnKindDef>

</Defs>