﻿<?xml version="1.0" encoding="utf-8" ?>
<Defs>

  <BodyPartDef>
    <defName>FishBody</defName>
    <label>body</label>
    <hitPoints>40</hitPoints>
    <oldInjuryBaseChance>0.08</oldInjuryBaseChance>
    <skinCovered>true</skinCovered>
    <activities>
      <li>Moving_body</li>
    </activities>
  </BodyPartDef>

  <BodyPartDef>
    <defName>FishHead</defName>
    <label>head</label>
    <hitPoints>30</hitPoints>
    <oldInjuryBaseChance>0.08</oldInjuryBaseChance>
    <skinCovered>true</skinCovered>
    <activities>
      <li>Hearing_head</li>
    </activities>
  </BodyPartDef>

  <BodyPartDef>
    <defName>FishMouth</defName>
    <label>mouth</label>
    <hitPoints>20</hitPoints>
    <oldInjuryBaseChance>0</oldInjuryBaseChance>
    <skinCovered>true</skinCovered>
    <activities>
      <li>Eating_source</li>
      <li>Talking_source</li>
    </activities>
  </BodyPartDef>

  <BodyPartDef>
    <defName>LeftGill</defName>
    <label>left gill</label>
    <hitPoints>20</hitPoints>
    <oldInjuryBaseChance>0.08</oldInjuryBaseChance>
    <skinCovered>false</skinCovered>
    <activities>
      <li>Breathing_main</li>
    </activities>
    <spawnThingOnRemoved>Lung</spawnThingOnRemoved>
  </BodyPartDef>

  <BodyPartDef>
    <defName>RightGill</defName>
    <label>right gill</label>
    <hitPoints>20</hitPoints>
    <oldInjuryBaseChance>0.08</oldInjuryBaseChance>
    <skinCovered>false</skinCovered>
    <activities>
      <li>Breathing_main</li>
    </activities>
    <spawnThingOnRemoved>Lung</spawnThingOnRemoved>
  </BodyPartDef>

  <BodyPartDef>
    <defName>LeftFin</defName>
    <label>left fin</label>
    <hitPoints>20</hitPoints>
    <oldInjuryBaseChance>0.08</oldInjuryBaseChance>
    <skinCovered>true</skinCovered>
    <activities>
      <li>Moving_leftWay</li>
    </activities>
  </BodyPartDef>

  <BodyPartDef>
    <defName>RightFin</defName>
    <label>right fin</label>
    <hitPoints>20</hitPoints>
    <oldInjuryBaseChance>0.08</oldInjuryBaseChance>
    <skinCovered>true</skinCovered>
    <activities>
      <li>Moving_rightWay</li>
    </activities>
  </BodyPartDef>

  <BodyPartDef>
    <defName>DorsalFin</defName>
    <label>right fin</label>
    <hitPoints>20</hitPoints>
    <oldInjuryBaseChance>0.08</oldInjuryBaseChance>
    <skinCovered>true</skinCovered>
    <activities>
      <li>Moving_tool</li>
    </activities>
  </BodyPartDef>

  <BodyPartDef>
    <defName>VentralFin</defName>
    <label>left fin</label>
    <hitPoints>20</hitPoints>
    <oldInjuryBaseChance>0.08</oldInjuryBaseChance>
    <skinCovered>true</skinCovered>
    <activities>
      <li>Moving_tool</li>
    </activities>
  </BodyPartDef>

  <BodyPartDef>
    <defName>CaudalFin</defName>
    <label>right fin</label>
    <hitPoints>30</hitPoints>
    <oldInjuryBaseChance>0.08</oldInjuryBaseChance>
    <skinCovered>true</skinCovered>
    <activities>
      <li>Moving_body</li>
    </activities>
  </BodyPartDef>

  <BodyPartDef>
    <defName>SquidBody</defName>
    <label>body</label>
    <hitPoints>40</hitPoints>
    <oldInjuryBaseChance>0.08</oldInjuryBaseChance>
    <skinCovered>true</skinCovered>
    <activities>
      <li>Moving_body</li>
    </activities>
  </BodyPartDef>

  <BodyPartDef>
    <defName>SquidHead</defName>
    <label>head</label>
    <hitPoints>30</hitPoints>
    <oldInjuryBaseChance>0.08</oldInjuryBaseChance>
    <skinCovered>true</skinCovered>
    <activities>
      <li>Hearing_head</li>
    </activities>
  </BodyPartDef>

  <BodyPartDef>
    <defName>SquidMouth</defName>
    <label>mouth</label>
    <hitPoints>20</hitPoints>
    <oldInjuryBaseChance>0</oldInjuryBaseChance>
    <skinCovered>true</skinCovered>
    <activities>
      <li>Eating_source</li>
      <li>Talking_source</li>
    </activities>
  </BodyPartDef>

  <BodyPartDef>
    <defName>Tentacle</defName>
    <label>right fin</label>
    <hitPoints>20</hitPoints>
    <oldInjuryBaseChance>0.08</oldInjuryBaseChance>
    <skinCovered>true</skinCovered>
    <activities>
      <li>Moving_body</li>
    </activities>
  </BodyPartDef>

</Defs>