﻿<?xml version="1.0" encoding="utf-8" ?>
<Defs>

  <ManeuverDef>
    <defName>Repel</defName>
    <requiredCapacity>Push</requiredCapacity>
    <verb>
      <verbClass>PowerFist.Verb_MeleeAttackDamageWithRepel</verbClass>
      <meleeDamageDef>Blunt</meleeDamageDef>
    </verb>
    <logEntryDef>MeleeAttack</logEntryDef>
    <combatLogRulesHit>Maneuver_Smash_MeleeHit</combatLogRulesHit>
    <combatLogRulesDeflect>Maneuver_Smash_MeleeDeflect</combatLogRulesDeflect>
    <combatLogRulesMiss>Maneuver_Smash_MeleeMiss</combatLogRulesMiss>
    <combatLogRulesDodge>Maneuver_Smash_MeleeDodge</combatLogRulesDodge>
  </ManeuverDef>

</Defs>
